,searchingName,collection,follows,franchise,game_engines,genre1,genre2,genre3,keywords1,keywords2,name,rating,rating_count,themes1,themes2,themes3
0,Sleeping Dogs,1010.0,181.0,,17.0,5.0,31.0,,"id: 22
","id: 61
",Sleeping Dogs,80.58233992642579,490.0,1.0,33.0,38.0
1,Left 4 Dead,26.0,159.0,,3.0,5.0,,,"id: 5
","id: 21
",Left 4 Dead,80.381463020285,521.0,1.0,19.0,21.0
2,Dragon Age II,10.0,144.0,,75.0,12.0,31.0,,"id: 147
","id: 296
",Dragon Age II,74.8461199737847,511.0,1.0,17.0,
3,Star Trek Online,3440.0,12.0,,341.0,12.0,13.0,15.0,"id: 3
","id: 24
",Star Trek Online,65.6254968121295,26.0,1.0,18.0,39.0
4,Bejeweled 2 Deluxe,368.0,0.0,,,9.0,,,"id: 734
",,Bejeweled 2 Deluxe,69.9398766347977,6.0,,,
5,Saints Row IV,197.0,125.0,,84.0,5.0,31.0,,"id: 3
","id: 14
",Saints Row IV,75.11420986281719,387.0,1.0,18.0,27.0
6,TimeShift,0.0,22.0,,152.0,5.0,,,"id: 21
","id: 69
",TimeShift,70.9855619633741,66.0,1.0,17.0,18.0
7,F1 2011,819.0,8.0,,99.0,10.0,13.0,14.0,"id: 620
","id: 1293
",F1 2011,74.6754900631087,25.0,32.0,,
8,,,,,,,,,,,,,,,,
9,F1 2012,819.0,6.0,,99.0,10.0,13.0,14.0,"id: 155
","id: 484
",F1 2012,74.35691283672709,21.0,32.0,,
10,Age of Empires Online,33.0,7.0,,207.0,11.0,12.0,15.0,"id: 2
","id: 4
",Age of Empires Online,77.7140083191811,17.0,1.0,17.0,22.0
11,NBA 2K11,659.0,11.0,"id: 16
",,14.0,,,"id: 58
","id: 809
",NBA 2K11,89.9848499640361,43.0,,,
12,Battlefield 2,34.0,98.0,,121.0,5.0,,,"id: 1
","id: 21
",Battlefield 2,81.9769943635651,264.0,1.0,39.0,
13,Alan Wake,511.0,270.0,,752.0,5.0,31.0,,"id: 129
","id: 221
",Alan Wake,81.6889201076549,665.0,1.0,19.0,20.0
14,GRID,445.0,44.0,,,10.0,13.0,14.0,,,GRID,74.87781539142671,18.0,1.0,,
15,Pillars of Eternity,2599.0,119.0,,13.0,12.0,15.0,31.0,"id: 96
","id: 132
",Pillars of Eternity,81.6917260387516,234.0,17.0,,
16,Devil May Cry 4,17.0,99.0,,14.0,25.0,31.0,,"id: 61
","id: 129
",Devil May Cry 4,80.2826642513164,326.0,1.0,17.0,19.0
17,Test Drive Unlimited 2,588.0,20.0,,113.0,10.0,,,"id: 271
","id: 735
",Test Drive Unlimited 2,65.91743007701521,54.0,38.0,,
18,Section 8,4851.0,1.0,,351.0,5.0,,,"id: 25
","id: 453
",Section 8,69.97447989880851,9.0,18.0,,
19,Sacred Gold,231.0,3.0,,,12.0,,,,,Sacred Gold,72.106391136711,11.0,1.0,17.0,
20,Stronghold 3,155.0,4.0,,17.0,11.0,13.0,15.0,"id: 151
","id: 227
",Stronghold 3,48.12181306360949,16.0,17.0,22.0,39.0
21,Split/Second,0.0,21.0,,,10.0,,,"id: 21
","id: 25
",Split/Second,81.5689343305221,78.0,1.0,,
22,Euro Truck Simulator 2,769.0,132.0,,60.0,10.0,13.0,32.0,"id: 304
","id: 405
",Euro Truck Simulator 2,80.0756543211554,220.0,32.0,38.0,
23,Alter Ego,0.0,0.0,,,12.0,13.0,31.0,"id: 43
","id: 218
",Alter Ego,50.0,4.0,,,
24,RACE On,1387.0,0.0,,,5.0,10.0,13.0,"id: 29
","id: 56
",RACE On,0.0,0.0,1.0,,
25,Street Fighter X Tekken,1308.0,14.0,,,4.0,33.0,,"id: 61
","id: 87
",Street Fighter X Tekken,73.3999385551282,66.0,1.0,,
26,Rayman Origins,206.0,116.0,,22.0,8.0,31.0,,"id: 67
","id: 163
",Rayman Origins,82.68561488788279,294.0,1.0,17.0,27.0
27,Supreme Commander 2,152.0,10.0,,,11.0,15.0,,"id: 67
","id: 167
",Supreme Commander 2,72.8286080190715,23.0,18.0,,
28,The Last Remnant,0.0,11.0,,6.0,12.0,15.0,,"id: 151
","id: 226
",The Last Remnant,64.7179705175128,18.0,17.0,22.0,
29,Blur,0.0,27.0,,109.0,10.0,14.0,33.0,"id: 25
","id: 1166
",Blur,76.3060426033768,85.0,1.0,18.0,
30,Supreme Commander,152.0,20.0,,,11.0,13.0,15.0,"id: 67
","id: 167
",Supreme Commander,77.1481772341248,42.0,1.0,18.0,
31,Dark Void,1362.0,7.0,,6.0,5.0,13.0,31.0,"id: 512
","id: 923
",Dark Void,66.4445605423236,26.0,1.0,17.0,18.0
32,Praetorians,0.0,6.0,,,11.0,15.0,32.0,"id: 2
","id: 293
",Praetorians,87.4910000982173,15.0,17.0,22.0,39.0
33,Darkspore,352.0,2.0,,,12.0,,,"id: 3
","id: 110
",Darkspore,0.0,0.0,1.0,18.0,
34,Clockwork Empires,0.0,2.0,,,13.0,15.0,32.0,"id: 129
","id: 339
",Clockwork Empires,50.0,1.0,17.0,22.0,
35,Venetica,0.0,5.0,,173.0,12.0,31.0,32.0,"id: 22
","id: 226
",Venetica,37.0677947106001,14.0,1.0,17.0,22.0
36,Evil Genius,561.0,17.0,,,9.0,11.0,13.0,"id: 11
","id: 40
",Evil Genius,74.4273859772431,28.0,1.0,27.0,
37,Imperial Glory,0.0,3.0,,,11.0,15.0,24.0,"id: 2
","id: 683
",Imperial Glory,76.3340960254006,9.0,22.0,39.0,
38,Wildlife Park 3,2056.0,0.0,,,13.0,15.0,32.0,"id: 1148
","id: 2672
",Wildlife Park 3,50.0,1.0,,,
39,Tropico 4,508.0,39.0,,,11.0,13.0,15.0,"id: 8
","id: 60
",Tropico 4,79.63565696479981,96.0,27.0,28.0,33.0
40,,,,,,,,,,,,,,,,
41,Airline Tycoon 2,1329.0,1.0,,,13.0,15.0,,"id: 379
","id: 994
",Airline Tycoon 2,20.0,3.0,28.0,33.0,
42,Railroad Tycoon 3,149.0,7.0,,,13.0,15.0,,"id: 379
","id: 392
",Railroad Tycoon 3,81.4158169367188,12.0,28.0,,
43,GT Legends,0.0,4.0,,,10.0,13.0,14.0,"id: 401
","id: 1148
",GT Legends,89.86074473752299,11.0,,,
44,Crysis,36.0,192.0,,25.0,5.0,31.0,,"id: 1
","id: 3
",Crysis,80.83365206488739,557.0,1.0,18.0,23.0
45,Dead Rising 2,579.0,61.0,,,25.0,31.0,,"id: 5
","id: 79
",Dead Rising 2,72.9947010354237,169.0,1.0,19.0,21.0
46,Legendary,0.0,4.0,,,5.0,,,"id: 21
","id: 129
",Legendary,57.3030826033651,22.0,1.0,18.0,
47,Ridge Racer Unbounded,946.0,5.0,,,10.0,13.0,33.0,"id: 160
","id: 871
",Ridge Racer Unbounded,67.9719376999118,17.0,1.0,,
48,The 7th Guest,3284.0,5.0,,111.0,2.0,9.0,31.0,"id: 16
","id: 129
",The 7th Guest,72.9461797873018,17.0,19.0,31.0,
49,Botanicula,0.0,38.0,,64.0,2.0,9.0,31.0,"id: 117
","id: 274
",Botanicula,77.6340304433748,99.0,17.0,27.0,40.0
50,Evolve,0.0,35.0,,,5.0,,,"id: 3
","id: 64
",Evolve,60.1249630124617,74.0,1.0,18.0,
51,Jack Keane,1393.0,3.0,,,12.0,31.0,,"id: 350
","id: 359
",Jack Keane,53.9378705240692,6.0,1.0,27.0,
52,Machinarium,0.0,116.0,,64.0,2.0,9.0,31.0,"id: 67
","id: 117
",Machinarium,82.6950152175335,289.0,17.0,18.0,
53,Spore,0.0,0.0,,,5.0,,,,,Spore,0.0,0.0,1.0,,
54,15 Days,0.0,0.0,,319.0,2.0,31.0,32.0,"id: 337
","id: 427
",15 Days,50.0,3.0,20.0,23.0,27.0
55,NBA 2K16,659.0,28.0,,,14.0,,,"id: 58
","id: 809
",NBA 2K16,76.5089892259239,55.0,32.0,,
56,Deponia,750.0,37.0,,347.0,2.0,31.0,32.0,"id: 67
","id: 203
",Deponia,76.4966972112218,133.0,18.0,27.0,
57,Demigod,0.0,2.0,,,11.0,12.0,15.0,"id: 148
","id: 226
",Demigod,78.95848840567939,7.0,1.0,17.0,19.0
58,Rocket League,4455.0,290.0,,6.0,14.0,32.0,,"id: 25
","id: 26
",Rocket League,82.7809783991672,771.0,1.0,18.0,
59,Dungeon Defenders,580.0,12.0,,,12.0,15.0,31.0,"id: 77
","id: 151
",Dungeon Defenders,71.1233730995964,46.0,1.0,22.0,
60,,,,,,,,,,,,,,,,
61,Stronghold Legends,5360.0,2.0,,,11.0,13.0,15.0,"id: 151
","id: 558
",Stronghold Legends,92.90549205221319,13.0,1.0,17.0,22.0
62,Rocksmith 2014,1942.0,14.0,,54.0,7.0,,,"id: 274
","id: 488
",Rocksmith 2014,87.5331963363385,31.0,34.0,,
63,Impossible Creatures,0.0,3.0,,,11.0,13.0,15.0,"id: 328
","id: 623
",Impossible Creatures,76.7235549503348,16.0,17.0,18.0,22.0
64,Mafia II,562.0,286.0,,485.0,5.0,10.0,31.0,"id: 19
","id: 72
",Mafia II,81.61205176433951,846.0,1.0,17.0,22.0
65,Cities in Motion,373.0,9.0,,,13.0,15.0,,"id: 21
","id: 994
",Cities in Motion,69.0348864711241,16.0,28.0,,
66,East India Company,0.0,0.0,,,11.0,15.0,,"id: 504
","id: 864
",East India Company,50.0,3.0,17.0,22.0,41.0
67,,,,,,,,,,,,,,,,
68,Mirror's Edge,428.0,256.0,,6.0,5.0,8.0,31.0,"id: 103
","id: 386
",Mirror's Edge,77.6774970885637,730.0,1.0,,
69,,,,,,,,,,,,,,,,
70,War for the Overworld,0.0,16.0,,13.0,11.0,13.0,15.0,"id: 115
","id: 117
",War for the Overworld,77.3728191079499,21.0,17.0,,
71,Act of Aggression,0.0,4.0,,,11.0,15.0,26.0,"id: 1
","id: 70
",Act of Aggression,50.0,3.0,18.0,27.0,39.0
72,Mortal Kombat X,22.0,131.0,,6.0,4.0,,,"id: 61
","id: 107
",Mortal Kombat X,80.41964237578921,335.0,1.0,,
73,Pro Evolution Soccer 2014,195.0,8.0,,29.0,13.0,14.0,,"id: 26
","id: 1166
",Pro Evolution Soccer 2014,68.2289546992384,51.0,,,
74,Championship Manager 2010,836.0,0.0,,,14.0,,,"id: 26
",,Championship Manager 2010,0.0,0.0,,,
75,Assassin's Creed III,18.0,322.0,,10.0,15.0,31.0,,"id: 22
","id: 64
",Assassin's Creed III,73.4328713351629,1048.0,1.0,17.0,18.0
76,Defiance,0.0,2.0,,,5.0,12.0,15.0,"id: 69
","id: 125
",Defiance,65.5670870404967,16.0,1.0,18.0,
77,The Crew,2719.0,60.0,,73.0,10.0,31.0,,"id: 155
","id: 484
",The Crew,66.1832403569532,110.0,1.0,38.0,
78,F.E.A.R. 3,95.0,41.0,,1041.0,5.0,31.0,,"id: 5
","id: 129
",F.E.A.R. 3,68.2014638732799,156.0,1.0,18.0,19.0
79,Football Manager 2014,202.0,9.0,,,13.0,14.0,15.0,"id: 26
","id: 27
",Football Manager 2014,88.06865009383961,32.0,,,
80,Majesty 2 Collection,0.0,3.0,,,13.0,15.0,,"id: 1905
",,Majesty 2 Collection,51.9289241553614,5.0,17.0,27.0,
81,Goodbye Deponia,750.0,21.0,,347.0,2.0,9.0,31.0,"id: 67
","id: 80
",Goodbye Deponia,82.3550159497592,67.0,18.0,27.0,
82,Alone in the Dark,364.0,18.0,,,9.0,31.0,,"id: 16
","id: 203
",Alone in the Dark,72.6102964530867,47.0,1.0,17.0,19.0
83,Fable III,92.0,44.0,,,12.0,25.0,31.0,"id: 121
","id: 129
",Fable III,67.4430126937484,191.0,1.0,17.0,27.0
84,Magicka,372.0,49.0,,103.0,12.0,15.0,31.0,"id: 96
","id: 147
",Magicka,72.2396899751949,142.0,1.0,17.0,27.0
85,Football Manager 2011,202.0,5.0,,,13.0,14.0,15.0,"id: 26
","id: 994
",Football Manager 2011,89.0332375463644,28.0,32.0,,
86,Damnation,0.0,4.0,,,5.0,31.0,,"id: 9
","id: 19
",Damnation,64.9522846141673,11.0,1.0,17.0,18.0
87,Just Cause,111.0,40.0,,17.0,5.0,10.0,31.0,"id: 1
","id: 21
",Just Cause,62.995130999509,132.0,1.0,33.0,38.0
88,GTR Evolution,1387.0,1.0,,265.0,10.0,13.0,,"id: 401
","id: 484
",GTR Evolution,0.0,0.0,,,
89,Ghost Pirates of Vooju Island,0.0,2.0,,,31.0,,,"id: 16
","id: 1158
",Ghost Pirates of Vooju Island,50.0,1.0,,,
90,Metro 2033,82.0,225.0,,18.0,5.0,12.0,,"id: 16
","id: 22
",Metro 2033,82.2709183857948,619.0,1.0,18.0,19.0
91,Just Cause 3,111.0,179.0,,,31.0,,,"id: 1
","id: 21
",Just Cause 3,76.5252142801518,281.0,1.0,38.0,
92,Company of Heroes,296.0,71.0,,17.0,11.0,15.0,,"id: 19
","id: 129
",Company of Heroes,85.6112786257145,163.0,1.0,22.0,39.0
93,Sid Meier's Civilization V,89.0,395.0,"id: 10
",107.0,13.0,15.0,16.0,"id: 1
","id: 21
",Sid Meier's Civilization V,85.8241185964082,878.0,17.0,18.0,22.0
94,Captain Morgane and the Golden Turtle,0.0,1.0,,,31.0,,,"id: 4
","id: 151
",Captain Morgane and the Golden Turtle,50.0,1.0,22.0,,
95,DarkStar One,2256.0,5.0,,,13.0,,,"id: 23
","id: 24
",DarkStar One,80.0366579519313,9.0,1.0,18.0,
96,NBA 2K12,659.0,9.0,"id: 16
",,13.0,14.0,15.0,"id: 58
","id: 809
",NBA 2K12,84.4070929368786,32.0,,,
97,LEGO The Lord of the Rings,739.0,48.0,"id: 11
",,31.0,,,"id: 96
","id: 205
",LEGO The Lord of the Rings,74.4393949457135,129.0,1.0,27.0,
98,Grand Theft Auto IV,847.0,466.0,,26.0,5.0,10.0,31.0,"id: 11
","id: 17
",Grand Theft Auto IV,83.40820413456998,1272.0,1.0,38.0,
99,Mass Effect,25.0,0.0,,,12.0,,,,,Mass Effect,0.0,0.0,1.0,18.0,
100,Prey,102.0,39.0,,48.0,5.0,,,"id: 3
","id: 16
",Prey,75.2848920837794,147.0,1.0,18.0,
101,F1 2010,819.0,14.0,,99.0,10.0,13.0,14.0,"id: 620
","id: 1148
",F1 2010,78.31400823356199,37.0,32.0,,
102,Mass Effect 2,25.0,801.0,,351.0,5.0,12.0,13.0,"id: 3
","id: 22
",Mass Effect 2,91.4466653492176,1944.0,1.0,18.0,
103,Wasteland 2,566.0,35.0,,13.0,12.0,15.0,16.0,"id: 69
","id: 132
",Wasteland 2,70.6614038581845,66.0,1.0,18.0,21.0
104,Elven Legacy,376.0,1.0,,,12.0,15.0,16.0,"id: 296
","id: 906
",Elven Legacy,60.0,3.0,17.0,,
105,Max Payne,81.0,0.0,,,5.0,,,"id: 1025
","id: 1309
",Max Payne,72.7925757489743,12.0,1.0,,
106,Tomb Raider II,183.0,83.0,,,5.0,8.0,31.0,"id: 21
","id: 25
",Tomb Raider II,80.4666146984602,222.0,1.0,,
107,,,,,,,,,,,,,,,,
108,Take On Helicopters,1933.0,1.0,,,13.0,,,"id: 21
","id: 56
",Take On Helicopters,50.0,2.0,33.0,38.0,
109,Sid Meier's Railroads!,149.0,5.0,,54.0,13.0,15.0,,"id: 379
","id: 915
",Sid Meier's Railroads!,77.0799920803164,10.0,28.0,,
110,Sonic Generations,2156.0,0.0,,1059.0,8.0,31.0,,"id: 170
","id: 7549
",Sonic Generations,55.08544391069641,5.0,1.0,18.0,35.0
111,Overlord II,84.0,18.0,,,12.0,15.0,25.0,"id: 11
","id: 62
",Overlord II,77.719849719003,49.0,1.0,17.0,27.0
112,Saints Row 2,197.0,0.0,,,,,,,,Saints Row 2,0.0,0.0,,,
113,Cities XL 2011,684.0,1.0,,,13.0,,,"id: 994
","id: 1148
",Cities XL 2011,0.0,0.0,33.0,,
114,Assassin's Creed II,18.0,0.0,,,8.0,31.0,,,,Assassin's Creed II,0.0,0.0,1.0,17.0,18.0
115,Peggle Nights,655.0,6.0,,,9.0,30.0,,"id: 296
","id: 934
",Peggle Nights,84.26297123074579,16.0,,,
116,Contrast,0.0,0.0,,,32.0,,,,,Contrast,0.0,0.0,1.0,,
117,Syberia,1073.0,97.0,,102.0,2.0,9.0,31.0,"id: 67
","id: 197
",Syberia,80.8592422451177,210.0,31.0,43.0,
118,Oil Rush,0.0,1.0,,,11.0,15.0,32.0,"id: 69
","id: 77
",Oil Rush,50.0,3.0,18.0,,
119,Rugby League Team Manager 2015,0.0,0.0,,,13.0,14.0,15.0,"id: 313
","id: 994
",Rugby League Team Manager 2015,50.0,0.0,1.0,,
120,Sacred 3,231.0,9.0,,,12.0,33.0,,"id: 226
","id: 296
",Sacred 3,58.8205666314619,16.0,1.0,17.0,
121,Football Manager 2016,202.0,3.0,,,13.0,14.0,15.0,"id: 26
","id: 27
",Football Manager 2016,85.4145719630499,25.0,,,
122,Ski Region Simulator,0.0,0.0,,,13.0,,,,,Ski Region Simulator,60.0,0.0,,,
123,APB Reloaded,0.0,7.0,,351.0,5.0,31.0,,"id: 25
","id: 92
",APB Reloaded,62.5025746996925,20.0,1.0,,
124,A Vampyre Story,630.0,5.0,,,2.0,9.0,31.0,"id: 211
","id: 296
",A Vampyre Story,68.2076764343106,9.0,27.0,,
125,X Rebirth,594.0,3.0,,,5.0,11.0,13.0,"id: 3
","id: 72
",X Rebirth,66.0580770360123,6.0,1.0,17.0,18.0
126,Trials Fusion,439.0,29.0,,,8.0,10.0,14.0,"id: 57
","id: 59
",Trials Fusion,76.4620668078876,82.0,32.0,,
127,Sonic & All-Stars Racing Transformed,2854.0,36.0,,1108.0,10.0,14.0,,"id: 67
","id: 164
",Sonic & All-Stars Racing Transformed,80.07316947709411,119.0,1.0,17.0,18.0
128,Company of Heroes 2,296.0,35.0,,105.0,11.0,13.0,15.0,"id: 19
","id: 558
",Company of Heroes 2,79.9278465882602,75.0,39.0,,
129,BioShock 2,1.0,276.0,,6.0,5.0,12.0,31.0,"id: 22
","id: 67
",BioShock 2,80.88937042006309,796.0,1.0,18.0,20.0
130,Call of Juarez,46.0,39.0,,78.0,5.0,,,,,Call of Juarez,74.3594232663637,120.0,1.0,,
131,Stronghold Kingdoms,5360.0,0.0,,,11.0,12.0,13.0,"id: 151
","id: 900
",Stronghold Kingdoms,50.0,1.0,1.0,22.0,38.0
132,LEGO The Hobbit,726.0,24.0,"id: 208
",,9.0,12.0,31.0,"id: 96
","id: 147
",LEGO The Hobbit,69.963038057482,71.0,1.0,17.0,27.0
133,Alpha Protocol,0.0,31.0,,6.0,5.0,12.0,,"id: 103
","id: 132
",Alpha Protocol,74.6064054602952,112.0,1.0,23.0,
134,Gray Matter,0.0,8.0,,,2.0,31.0,,"id: 296
","id: 846
",Gray Matter,62.8242279791578,24.0,19.0,43.0,
135,The Evil Within,1237.0,113.0,,47.0,5.0,31.0,,"id: 79
","id: 129
",The Evil Within,74.70220533298941,279.0,1.0,19.0,21.0
136,NBA 2K13,659.0,8.0,"id: 16
",,13.0,14.0,15.0,"id: 58
","id: 809
",NBA 2K13,77.6162236601679,35.0,,,
137,The First Templar,0.0,1.0,,,12.0,31.0,,"id: 132
","id: 151
",The First Templar,64.5282904854128,8.0,1.0,17.0,22.0
138,BioShock Infinite,1.0,659.0,,6.0,5.0,31.0,,"id: 22
","id: 129
",BioShock Infinite,86.0932371483525,1983.0,1.0,17.0,18.0
139,Hospital Tycoon,0.0,0.0,,,,,,,,Hospital Tycoon,0.0,0.0,,,
140,Bejeweled Twist,368.0,1.0,,,9.0,15.0,,"id: 733
","id: 1158
",Bejeweled Twist,73.6634934713748,6.0,,,
141,DiRT 3,6154.0,53.0,,99.0,10.0,14.0,,"id: 28
","id: 484
",DiRT 3,77.3883223649804,165.0,32.0,,
142,Half-Life 2,35.0,901.0,,3.0,5.0,,,"id: 3
","id: 5
",Half-Life 2,90.7904153840505,2215.0,1.0,18.0,19.0
143,DC Universe Online,3248.0,16.0,,6.0,4.0,12.0,31.0,"id: 14
","id: 262
",DC Universe Online,65.72038263798109,41.0,1.0,17.0,38.0
144,The Secret World,0.0,11.0,,436.0,12.0,31.0,,"id: 79
","id: 170
",The Secret World,74.85055394179119,18.0,1.0,17.0,18.0
145,The Void,0.0,7.0,,283.0,31.0,32.0,,"id: 156
","id: 176
",The Void,79.50882976702201,20.0,1.0,19.0,
146,Pro Evolution Soccer 2016,195.0,25.0,,29.0,13.0,14.0,,"id: 26
","id: 27
",Pro Evolution Soccer 2016,70.8400376321393,66.0,,,
147,Dying Light,5441.0,250.0,,78.0,5.0,12.0,31.0,"id: 5
","id: 69
",Dying Light,80.7258381875491,617.0,1.0,19.0,21.0
148,Left 4 Dead 2,26.0,268.0,,3.0,5.0,,,"id: 5
","id: 453
",Left 4 Dead 2,82.32945212675361,776.0,1.0,19.0,21.0
149,Emergency 2012,547.0,0.0,,,13.0,15.0,,"id: 2538
",,Emergency 2012,0.0,0.0,32.0,34.0,
150,Borderlands,225.0,246.0,,6.0,5.0,12.0,,"id: 69
","id: 453
",Borderlands,79.91881062649641,737.0,1.0,18.0,38.0
151,The Testament of Sherlock Holmes,880.0,19.0,"id: 297
",,2.0,9.0,31.0,"id: 256
","id: 954
",The Testament of Sherlock Holmes,77.7774240329834,94.0,31.0,,
152,Fallout 3,3.0,537.0,,54.0,5.0,12.0,,"id: 3
","id: 8
",Fallout 3,83.4676149896672,1287.0,1.0,18.0,21.0
153,Men of War,245.0,9.0,,,11.0,13.0,15.0,"id: 19
","id: 562
",Men of War,79.8320597857139,9.0,1.0,39.0,
154,Football Manager 2015,202.0,18.0,,,13.0,14.0,15.0,"id: 26
","id: 27
",Football Manager 2015,81.82390160818119,39.0,,,
155,,,,,,,,,,,,,,,,
156,Farming Simulator 2011,2793.0,0.0,,,13.0,,,"id: 1103
","id: 1148
",Farming Simulator 2011,80.0,3.0,38.0,,
157,Two Worlds II,1245.0,16.0,,,12.0,,,,,Two Worlds II,71.2873810474923,35.0,1.0,17.0,38.0
158,Tomb Raider,183.0,0.0,,,5.0,8.0,9.0,,,Tomb Raider,0.0,0.0,1.0,21.0,33.0
159,Dungeon Siege III,72.0,9.0,,150.0,12.0,,,"id: 174
","id: 227
",Dungeon Siege III,69.6423198461322,48.0,1.0,17.0,
160,Tom Clancy's EndWar,0.0,3.0,,,11.0,15.0,16.0,"id: 2898
","id: 17215
",Tom Clancy's EndWar,63.0715732776681,8.0,1.0,,
161,Post Mortem,1081.0,8.0,,,2.0,31.0,,"id: 215
","id: 221
",Post Mortem,77.6672503448192,22.0,20.0,43.0,
162,Dishonored,1494.0,411.0,,6.0,12.0,31.0,,"id: 22
","id: 72
",Dishonored,85.06545082666699,1268.0,1.0,23.0,
163,Anno 2070,158.0,31.0,,,11.0,13.0,15.0,"id: 72
","id: 121
",Anno 2070,75.22699905088609,73.0,18.0,33.0,
164,Project CARS,3925.0,61.0,,237.0,10.0,13.0,14.0,"id: 155
","id: 484
",Project CARS,75.184402658178,78.0,,,
165,Guild Wars,172.0,24.0,,454.0,12.0,15.0,31.0,"id: 69
","id: 151
",Guild Wars,80.76171532820929,78.0,1.0,17.0,22.0
166,Port Royale 2,186.0,5.0,,,13.0,15.0,,"id: 4
","id: 393
",Port Royale 2,71.1937862250642,11.0,22.0,28.0,
167,Rocksmith,1942.0,9.0,,,7.0,13.0,,"id: 101
","id: 168
",Rocksmith,81.6294383336605,15.0,34.0,,
168,Quake 4,37.0,45.0,,48.0,5.0,,,"id: 3
","id: 106
",Quake 4,74.1241224073851,157.0,1.0,18.0,19.0
169,The Cursed Crusade,0.0,0.0,,,31.0,,,"id: 151
","id: 1033
",The Cursed Crusade,59.9374999588709,7.0,1.0,22.0,
170,Knights of Honor,0.0,8.0,,,11.0,13.0,15.0,"id: 227
","id: 359
",Knights of Honor,82.8696576698514,20.0,1.0,17.0,22.0
171,DiRT Rally,6154.0,48.0,,99.0,10.0,13.0,14.0,"id: 28
","id: 484
",DiRT Rally,82.757992295766,95.0,32.0,,
172,Darksiders,280.0,115.0,,225.0,12.0,25.0,31.0,"id: 21
","id: 69
",Darksiders,79.2835487668775,348.0,1.0,17.0,38.0
173,,,,,,,,,,,,,,,,
174,RollerCoaster Tycoon,921.0,63.0,,,13.0,15.0,,"id: 379
","id: 713
",RollerCoaster Tycoon,82.15151607822109,161.0,28.0,33.0,
175,The Whispered World,1552.0,13.0,,347.0,2.0,9.0,31.0,"id: 296
","id: 350
",The Whispered World,77.2022418303692,36.0,17.0,27.0,
176,Grand Theft Auto III,847.0,372.0,,41.0,5.0,10.0,13.0,"id: 17
","id: 121
",Grand Theft Auto III,85.2550426740614,1139.0,1.0,33.0,38.0
177,F.E.A.R. Perseus Mandate,95.0,24.0,,820.0,5.0,,,"id: 129
","id: 221
",F.E.A.R. Perseus Mandate,72.5546674169415,65.0,1.0,18.0,19.0
178,World of Zoo,0.0,0.0,,,13.0,,,"id: 43
","id: 994
",World of Zoo,60.0,1.0,,,
179,Breach,1648.0,0.0,,,15.0,24.0,,"id: 415
","id: 970
",Breach,0.0,0.0,1.0,18.0,39.0
180,Duke Nukem Forever,64.0,0.0,,6.0,5.0,,,"id: 2222
","id: 5340
",Duke Nukem Forever,0.0,0.0,1.0,18.0,27.0
181,Hotel Giant 2,1921.0,2.0,,,13.0,15.0,,"id: 379
","id: 649
",Hotel Giant 2,50.0,1.0,,,
182,Bejeweled 3,368.0,16.0,,,9.0,15.0,31.0,"id: 101
","id: 154
",Bejeweled 3,74.9982272171674,44.0,,,
183,Half-Life,35.0,794.0,,4.0,5.0,9.0,31.0,"id: 3
","id: 22
",Half-Life,89.1262274657179,1892.0,1.0,18.0,19.0
184,The Movies,0.0,28.0,,52.0,13.0,15.0,,"id: 391
","id: 1148
",The Movies,79.59802187718181,92.0,28.0,,
185,Homefront,354.0,45.0,,6.0,5.0,,,"id: 1
","id: 21
",Homefront,69.01140264612269,149.0,1.0,17.0,22.0
186,Singularity,0.0,0.0,,,,,,"id: 2381
","id: 4138
",Singularity,0.0,0.0,18.0,,
187,The Night of the Rabbit,0.0,15.0,,347.0,2.0,9.0,31.0,"id: 147
","id: 226
",The Night of the Rabbit,90.88203950872399,22.0,17.0,27.0,
188,F1 2014,819.0,7.0,,99.0,10.0,13.0,14.0,"id: 620
","id: 1148
",F1 2014,73.433015741909,16.0,32.0,,
189,Euro Truck Simulator,769.0,8.0,,60.0,10.0,13.0,32.0,"id: 405
","id: 994
",Euro Truck Simulator,58.9665365859551,24.0,32.0,,
190,Worms Reloaded,212.0,7.0,,433.0,8.0,15.0,,"id: 55
","id: 350
",Worms Reloaded,75.3301129823535,33.0,1.0,27.0,
191,R.U.S.E.,4845.0,7.0,,522.0,11.0,15.0,24.0,"id: 19
","id: 129
",R.U.S.E.,70.1787829164975,9.0,1.0,18.0,22.0
192,Far Cry,103.0,102.0,,25.0,5.0,,,,,Far Cry,78.03013810974791,378.0,1.0,18.0,
193,Overlord,0.0,0.0,,,12.0,,,"id: 174
","id: 3510
",Overlord,0.0,0.0,17.0,,
194,,,,,,,,,,,,,,,,
195,Far Cry 3,103.0,683.0,,118.0,5.0,31.0,,"id: 64
","id: 72
",Far Cry 3,83.68374096969809,1581.0,1.0,21.0,23.0
196,Lost Horizon,992.0,4.0,,,2.0,9.0,31.0,"id: 424
","id: 687
",Lost Horizon,71.111010066684,11.0,22.0,,
197,Assassin's Creed,18.0,359.0,,7.0,8.0,31.0,,"id: 22
","id: 121
",Assassin's Creed,73.3914919786278,1304.0,1.0,17.0,18.0
198,Clive Barker's Jericho,5071.0,23.0,,418.0,5.0,,,"id: 16
","id: 129
",Clive Barker's Jericho,76.4821817898102,71.0,1.0,17.0,18.0
199,Far Cry 2,103.0,98.0,,118.0,5.0,31.0,,"id: 1
","id: 21
",Far Cry 2,71.96027582203189,386.0,1.0,33.0,38.0
200,Bulletstorm,0.0,84.0,,6.0,5.0,,,"id: 25
","id: 87
",Bulletstorm,79.73239733964971,279.0,1.0,18.0,27.0
201,Trapped Dead,0.0,0.0,,,15.0,31.0,,"id: 5
",,Trapped Dead,40.0,2.0,1.0,,
202,Virtua Tennis 4,777.0,10.0,,,14.0,,,"id: 274
","id: 311
",Virtua Tennis 4,86.61574583717331,31.0,,,
203,Borderlands 2,225.0,470.0,,6.0,5.0,12.0,,"id: 350
","id: 453
",Borderlands 2,84.5661127644806,1394.0,1.0,18.0,27.0
204,Street Fighter IV,2885.0,47.0,,350.0,4.0,,,"id: 61
","id: 107
",Street Fighter IV,80.64110107481059,129.0,1.0,,
205,Crysis 2,36.0,151.0,,25.0,5.0,31.0,,"id: 132
","id: 453
",Crysis 2,77.5255425731642,451.0,1.0,18.0,23.0
206,Sengoku,0.0,0.0,,296.0,11.0,12.0,13.0,"id: 151
","id: 164
",Sengoku,50.0,4.0,22.0,39.0,
207,Blitzkrieg 2 Anthology,0.0,1.0,,,15.0,,,,,Blitzkrieg 2 Anthology,80.0,0.0,,,
208,Sid Meier's Civilization IV,89.0,89.0,"id: 10
",54.0,13.0,15.0,16.0,"id: 221
","id: 257
",Sid Meier's Civilization IV,86.2344236621275,221.0,17.0,22.0,34.0
209,Titan Quest,0.0,0.0,,,12.0,,,,,Titan Quest,0.0,0.0,1.0,,
210,World of Goo,0.0,83.0,,,9.0,13.0,15.0,"id: 101
","id: 117
",World of Goo,80.0498749401845,238.0,27.0,33.0,
211,Unreal Tournament 2004,156.0,63.0,,,5.0,,,"id: 3
","id: 67
",Unreal Tournament 2004,83.07203913156141,163.0,1.0,18.0,
212,Assassin's Creed Syndicate,18.0,240.0,,10.0,31.0,,,"id: 22
","id: 221
",Assassin's Creed Syndicate,74.6515909074112,540.0,1.0,17.0,18.0
213,Monopoly,0.0,0.0,,,35.0,,,,,Monopoly,0.0,0.0,,,
214,World in Conflict,220.0,12.0,,192.0,11.0,15.0,,"id: 1
",,World in Conflict,80.3976112628807,40.0,,,
215,Gothic 3,463.0,45.0,,42.0,12.0,31.0,,"id: 87
","id: 96
",Gothic 3,77.8629009014546,162.0,1.0,17.0,33.0
216,EVE Online,288.0,28.0,,,12.0,13.0,15.0,"id: 23
","id: 103
",EVE Online,77.1434799363165,47.0,1.0,18.0,
217,Lost Planet 3,356.0,16.0,,6.0,5.0,,,"id: 152
","id: 167
",Lost Planet 3,69.4456896199903,27.0,1.0,18.0,
218,Trine,887.0,88.0,,465.0,8.0,9.0,31.0,"id: 147
","id: 227
",Trine,77.0391467130197,229.0,1.0,17.0,
219,LEGO Jurassic World,3239.0,23.0,,,9.0,31.0,,"id: 57
","id: 87
",LEGO Jurassic World,77.110278339816,53.0,1.0,18.0,
220,Football Manager 2012,202.0,11.0,,,13.0,14.0,15.0,"id: 26
","id: 27
",Football Manager 2012,92.9146350194732,37.0,,,
221,Torchlight,292.0,56.0,,173.0,12.0,25.0,,"id: 129
","id: 151
",Torchlight,74.22825480675189,188.0,1.0,17.0,22.0
222,,,,,,,,,,,,,,,,
223,Pro Evolution Soccer 2013,195.0,0.0,,,14.0,,,,,Pro Evolution Soccer 2013,0.0,0.0,,,
224,TERA,0.0,28.0,,6.0,12.0,31.0,,"id: 151
","id: 174
",TERA,65.34072628726891,71.0,1.0,17.0,22.0
225,Darksiders II,280.0,82.0,,225.0,12.0,25.0,31.0,"id: 296
","id: 1033
",Darksiders II,76.5169207998313,220.0,1.0,17.0,38.0
226,Mini Ninjas,2245.0,12.0,,119.0,8.0,31.0,,"id: 16
","id: 61
",Mini Ninjas,78.8071876006275,37.0,1.0,23.0,38.0
227,Off-Road Drive,0.0,0.0,,,10.0,13.0,,"id: 1783
","id: 1846
",Off-Road Drive,50.0,1.0,1.0,,
228,Far Cry 4,103.0,323.0,,118.0,5.0,24.0,31.0,"id: 21
","id: 64
",Far Cry 4,75.9157446299692,779.0,1.0,22.0,33.0
229,Ship Simulator Extremes,581.0,6.0,,,13.0,31.0,,"id: 1098
","id: 1148
",Ship Simulator Extremes,56.6666666666667,3.0,33.0,34.0,38.0
230,F1 Race Stars,3362.0,2.0,,99.0,10.0,33.0,,"id: 25
","id: 620
",F1 Race Stars,58.9671006016485,12.0,1.0,,
231,Front Mission Evolved,312.0,5.0,,,5.0,13.0,,"id: 25
","id: 67
",Front Mission Evolved,65.5740922980245,9.0,1.0,18.0,39.0
232,Just Cause 2,111.0,118.0,,17.0,5.0,10.0,31.0,"id: 1
","id: 21
",Just Cause 2,78.111743585359,345.0,1.0,33.0,38.0
233,Anno 2205,158.0,31.0,,,11.0,13.0,15.0,"id: 70
","id: 649
",Anno 2205,75.7083545415577,44.0,18.0,41.0,
234,Still Life 2,1081.0,8.0,,,9.0,31.0,,"id: 140
","id: 197
",Still Life 2,54.8680348120157,22.0,19.0,31.0,43.0
235,Braid,0.0,191.0,,,8.0,9.0,15.0,"id: 117
","id: 170
",Braid,85.428729582491,491.0,17.0,,
236,Dead Space,0.0,1.0,,491.0,5.0,31.0,,,,Dead Space,0.0,0.0,1.0,19.0,
237,Remember Me,0.0,72.0,,6.0,8.0,31.0,,"id: 46
","id: 72
",Remember Me,72.8764242177418,203.0,1.0,18.0,23.0
238,Football Manager 2013,202.0,8.0,,,14.0,15.0,,"id: 26
","id: 27
",Football Manager 2013,89.22598146818001,33.0,,,
239,The Darkness II,293.0,77.0,,416.0,5.0,,,"id: 21
","id: 29
",The Darkness II,76.93672004098259,172.0,1.0,19.0,21.0
240,,,,,,,,,,,,,,,,
241,4 Elements,3777.0,0.0,,,9.0,31.0,,"id: 101
","id: 296
",4 Elements,80.0,2.0,17.0,,
242,Order of War,0.0,2.0,,,11.0,15.0,,"id: 19
","id: 1107
",Order of War,51.6525679375936,5.0,39.0,,
243,Lost Planet 2,356.0,11.0,,14.0,5.0,31.0,,"id: 98
","id: 970
",Lost Planet 2,67.9616175869877,38.0,1.0,18.0,
244,Terraria,555.0,168.0,,,8.0,12.0,15.0,"id: 72
","id: 117
",Terraria,81.19705502504401,568.0,1.0,17.0,18.0
245,Trine 2,887.0,82.0,,,8.0,9.0,31.0,"id: 287
","id: 966
",Trine 2,77.2203328628128,220.0,1.0,17.0,
246,Hearts of Iron III,174.0,8.0,,,11.0,15.0,,"id: 1
","id: 8
",Hearts of Iron III,89.3303781070205,24.0,22.0,,
247,Lara Croft and the Temple of Osiris,0.0,35.0,"id: 279
",,5.0,9.0,31.0,"id: 301
","id: 594
",Lara Croft and the Temple of Osiris,70.241216129435,86.0,1.0,17.0,22.0
248,Football Manager 2010,202.0,6.0,,,13.0,14.0,15.0,"id: 26
","id: 994
",Football Manager 2010,82.66074536189811,23.0,32.0,,
249,Fallout 4,3.0,500.0,,95.0,5.0,12.0,,"id: 8
","id: 64
",Fallout 4,80.19779822195589,1153.0,1.0,18.0,21.0
250,Call of Duty 2,107.0,294.0,,123.0,5.0,,,"id: 2
","id: 19
",Call of Duty 2,84.1482166995997,759.0,1.0,22.0,39.0
251,Grand Theft Auto V,847.0,1784.0,,26.0,5.0,31.0,,"id: 3
","id: 11
",Grand Theft Auto V,90.2423178494461,3624.0,1.0,27.0,33.0
252,F1 2015,819.0,11.0,,99.0,10.0,13.0,14.0,"id: 484
","id: 620
",F1 2015,71.7611267932426,20.0,32.0,,
253,Wolfenstein,47.0,58.0,,48.0,5.0,,,"id: 19
","id: 129
",Wolfenstein,71.7453065363555,182.0,1.0,17.0,18.0
254,The Binding of Isaac,1051.0,89.0,,64.0,5.0,12.0,31.0,"id: 16
","id: 67
",The Binding of Isaac,82.7205555366416,277.0,1.0,19.0,27.0
255,Risen,482.0,50.0,,415.0,12.0,,,"id: 226
","id: 227
",Risen,78.2412832024781,123.0,1.0,17.0,38.0
256,BioShock,1.0,0.0,,,5.0,12.0,31.0,,,BioShock,0.0,0.0,1.0,18.0,19.0
257,Dead Space 2,4.0,253.0,,,5.0,31.0,,"id: 3
","id: 129
",Dead Space 2,86.6049151735788,726.0,1.0,18.0,19.0
258,Cities XL 2012,684.0,1.0,,,13.0,15.0,,"id: 60
","id: 994
",Cities XL 2012,0.0,0.0,,,
259,The Book of Unwritten Tales,1034.0,12.0,,,2.0,31.0,,"id: 67
","id: 96
",The Book of Unwritten Tales,81.004641065307,42.0,17.0,27.0,
260,Farming Simulator 2013,2793.0,1.0,,,13.0,15.0,,"id: 314
","id: 770
",Farming Simulator 2013,74.3610924707946,8.0,,,
261,Dead Island,349.0,126.0,,78.0,5.0,25.0,,"id: 5
","id: 69
",Dead Island,70.7852970758753,390.0,1.0,19.0,21.0
262,,,,,,,,,,,,,,,,
263,Max Payne 3,81.0,268.0,,26.0,5.0,,,"id: 21
","id: 85
",Max Payne 3,82.4123043972576,793.0,1.0,20.0,33.0
264,Sniper Elite,559.0,24.0,,,5.0,13.0,15.0,"id: 19
","id: 124
",Sniper Elite,69.7287208716559,56.0,1.0,17.0,22.0
265,Silent Hunter III,203.0,3.0,,,13.0,15.0,,"id: 19
","id: 49
",Silent Hunter III,70.32775702365899,10.0,1.0,22.0,39.0
266,Tropico 5,508.0,49.0,,,12.0,13.0,15.0,"id: 1
","id: 4
",Tropico 5,73.720514222483,80.0,22.0,27.0,33.0
267,The Inner World,1467.0,7.0,,,2.0,31.0,32.0,"id: 117
","id: 296
",The Inner World,72.5429840433464,22.0,17.0,27.0,35.0
268,Pro Evolution Soccer 2015,195.0,12.0,,29.0,13.0,14.0,,"id: 26
","id: 1166
",Pro Evolution Soccer 2015,70.7065837480314,59.0,,,
269,Portal 2,87.0,972.0,,3.0,5.0,8.0,9.0,"id: 350
","id: 453
",Portal 2,91.6897318150133,2745.0,1.0,18.0,27.0
270,The Longest Journey,365.0,61.0,,,2.0,31.0,,"id: 103
","id: 170
",The Longest Journey,83.4709461768721,152.0,1.0,17.0,18.0
271,Stormrise,0.0,2.0,,,11.0,15.0,,"id: 67
","id: 69
",Stormrise,39.7722755462312,5.0,18.0,,
272,Indigo Prophecy,0.0,112.0,,,31.0,,,"id: 21
","id: 58
",Indigo Prophecy,82.697080956048,308.0,20.0,31.0,
273,Mount & Blade,375.0,20.0,,,5.0,12.0,13.0,"id: 121
","id: 227
",Mount & Blade,71.9506894510761,91.0,1.0,33.0,
274,Mafia,0.0,0.0,,,15.0,24.0,,"id: 1986
","id: 3137
",Mafia,0.0,0.0,22.0,,
