searchingName,collection,follows,game_engines,genre1,genre2,genre3,keywords1,keywords2,keywords3,keywords4,keywords5,name,rating,rating_count,themes1,themes2,themes3,themes4,themes5
Assassin's Creed II,Assassin's Creed,779.0,Anvil,Platform,Adventure,,assassin,sandbox,blood,stealth,medieval,Assassin's Creed II,87.1636560285242,2068.0,Action,Action,Science fiction,Historical,Stealth
Terraria,Terraria,168.0,,Platform,Role-playing (RPG),Strategy,exploration,indie,dig,sandbox,magic,Terraria,81.1973203270388,570.0,Action,Action,Science fiction,Horror,Survival
Far Cry 4,Far Cry,323.0,Dunia Engine,Shooter,Tactical,Adventure,helicopter,hunting,sandbox,blood,stealth,Far Cry 4,75.9156119604764,783.0,Action,Action,Sandbox,Open world,Warfare
Anno 2070,Anno,31.0,,Real Time Strategy (RTS),Simulator,Strategy,exploration,sandbox,rts,related designs,city-building,Anno 2070,75.22699905088609,73.0,Science fiction,Science fiction,,,
Torchlight,Torchlight,56.0,OGRE,Role-playing (RPG),Hack and slash/Beat 'em up,,blood,medieval,magic,sword,grinding,Torchlight,74.2288711988918,189.0,Action,Action,Historical,,
Sid Meier's Railroads!,Railroad Tycoon,5.0,Gamebryo,Simulator,Strategy,,tycoon,trains,management,bridge,simulation,Sid Meier's Railroads!,77.0799920803164,10.0,Business,,,,
Hotel Giant 2,Hotel Giant,2.0,,Simulator,Strategy,,tycoon,city-building,management,simulation,micromanagement,Hotel Giant 2,50.0,1.0,,,,,
Pillars of Eternity,Pillars of Eternity,119.0,Unity,Role-playing (RPG),Strategy,Adventure,orcs,stealth,wizards,immortality,magic,Pillars of Eternity,81.6917260387516,234.0,Fantasy,,,,
Battlefield 2,Battlefield,98.0,Refractor Engine,Shooter,,,modern warfare,helicopter,vehicular combat,health,first person shooter,Battlefield 2,81.9769943635651,264.0,Action,Action,,,
Emergency 2012,Emergency,0.0,,Simulator,Strategy,,emergency,,,,,Emergency 2012,0.0,0.0,Non-fiction,Non-fiction,,,
Cities XL 2011,Cities XL,1.0,,Simulator,,,management,simulation,single-player only,year in the title,,Cities XL 2011,0.0,0.0,Sandbox,,,,
Section 8,Section 8,1.0,Unreal Engine 3,Shooter,,,vehicular combat,first person shooter,sci-fi,shooter,war,Section 8,69.97447989880851,9.0,Science fiction,,,,
Metro 2033,Metro,225.0,4A Engine,Shooter,Role-playing (RPG),,ghosts,assassin,post-apocalyptic,blood,stealth,Metro 2033,82.24033125691051,622.0,Action,Action,Horror,Thriller,Survival
Trials Fusion,Trials,29.0,,Platform,Racing,Sport,motorcycle,motocross,extreme,minigames,ps4,Trials Fusion,76.4620668078876,82.0,Non-fiction,,,,
Fallout 3,Fallout,537.0,Gamebryo,Shooter,Role-playing (RPG),,aliens,cold war,baseball,motorcycle,basketball,Fallout 3,83.4676149896672,1287.0,Action,Action,Survival,Sandbox,Open world
Grand Theft Auto V,Grand Theft Auto,1785.0,RAGE,Shooter,Adventure,,aliens,you get to be evil!,crime-life,helicopter,assassin,Grand Theft Auto V,90.2418418239403,3633.0,Action,Action,Sandbox,Open world,
R.U.S.E.,R.I.P.,7.0,IRISZOOM,Real Time Strategy (RTS),Strategy,Tactical,world war 2 ( ww2 ),blood,1940s,fire,nuke,R.U.S.E.,70.1787829164975,9.0,Action,Action,Historical,Warfare,"4X (explore, expand, exploit, and exterminate)"
F1 2011,F1,8.0,Ego Engine,Racing,Simulator,Sport,formula one,achievements,grand prix,driving-simulator,licensed game,F1 2011,74.6754900631087,25.0,Non-fiction,,,,
DiRT 3,Dirt,53.0,Ego Engine,Racing,Sport,,rally,racing,extreme sports,achievements,online,DiRT 3,77.3883223649804,165.0,Non-fiction,,,,
Darksiders,Darksiders,115.0,Phoenix Engine (Relic),Role-playing (RPG),Hack and slash/Beat 'em up,Adventure,helicopter,post-apocalyptic,blood,sword,fire,Darksiders,79.2835487668775,348.0,Action,Action,Open world,,
,,,,,,,,,,,,,,,,,,,
Imperial Glory,,3.0,,Real Time Strategy (RTS),Strategy,Tactical,historical warfare,real time tactics,strategic,real-time,management,Imperial Glory,76.3340960254006,9.0,Historical,Historical,,,
Goodbye Deponia,Deponia,21.0,Visionaire,Point-and-click,Puzzle,Adventure,robot,lollipop,blood,puzzle solving,minigames,Goodbye Deponia,82.3550159497592,67.0,Science fiction,Science fiction,,,
Sacred Gold,Sacred,3.0,,Role-playing (RPG),,,,,,,,Sacred Gold,72.106391136711,11.0,Action,Action,,,
F.E.A.R. 3,F.E.A.R.,41.0,Despair,Shooter,Adventure,,zombies,blood,first person shooter,sci-fi,horror,F.E.A.R. 3,68.2014638732799,156.0,Action,Action,Horror,,
F1 Race Stars,Formula 1,2.0,Ego Engine,Racing,Arcade,,vehicular combat,formula one,kart race,arcade game,achievements,F1 Race Stars,58.9671006016485,12.0,Action,,,,
Anno 2205,Anno,31.0,,Real Time Strategy (RTS),Simulator,Strategy,futuristic warfare,city-building,sci-fi,space,strategy,Anno 2205,75.70827297335511,45.0,Science fiction,Science fiction,,,
,,,,,,,,,,,,,,,,,,,
,,,,,,,,,,,,,,,,,,,
Grand Theft Auto IV,Grand Theft Auto,466.0,RAGE,Shooter,Racing,Adventure,you get to be evil!,crime-life,helicopter,pool,motorcycle,Grand Theft Auto IV,83.4079904149395,1275.0,Action,Action,,,
NBA 2K12,NBA 2K,9.0,,Simulator,Sport,Strategy,basketball,nba,achievements,online,dialogue trees,NBA 2K12,84.4070929368786,32.0,,,,,
Overlord II,Overlord,18.0,,Role-playing (RPG),Strategy,Hack and slash/Beat 'em up,you get to be evil!,antihero,sword,fantasy,comedy,Overlord II,77.719849719003,49.0,Action,Action,Comedy,,
,,,,,,,,,,,,,,,,,,,
Euro Truck Simulator 2,Euro Truck Simulator,132.0,Prism3D,Racing,Simulator,Indie,vehicle simulation,trucks,management,bridge,simulation,Euro Truck Simulator 2,80.0756543211554,220.0,Non-fiction,Non-fiction,,,
Deponia,Deponia,37.0,Visionaire,Point-and-click,Adventure,Indie,robot,puzzle solving,minigames,comedy,robots,Deponia,76.4966972112218,133.0,Science fiction,Science fiction,,,
,,,,,,,,,,,,,,,,,,,
The Movies,,28.0,In-house engine,Simulator,Strategy,,movie games,simulation,strategy,,,The Movies,79.59802187718181,92.0,Business,,,,
Sacred 3,Sacred,9.0,,Role-playing (RPG),Arcade,,magic,fantasy,health,hack and slash,fire,Sacred 3,58.8205666314619,16.0,Action,Action,,,
Order of War,,2.0,,Real Time Strategy (RTS),Strategy,,world war 2 ( ww2 ),war,steam,real-time strategy,tank,Order of War,51.6525679375936,5.0,Warfare,,,,
Praetorians,,6.0,,Real Time Strategy (RTS),Strategy,Indie,historical warfare,ancient rome,fantasy,rts,strategic,Praetorians,87.4910000982173,15.0,Fantasy,Fantasy,Warfare,,
Jack Keane,Jack Keane,3.0,,Role-playing (RPG),Adventure,,comedy,world domination,desura,adventure,steam,Jack Keane,53.9378705240692,6.0,Action,Action,,,
Star Trek Online,Star Trek,12.0,Cryptic Engine,Role-playing (RPG),Simulator,Strategy,aliens,space combat,exploration,time travel,space station,Star Trek Online,65.6254968121295,26.0,Action,Action,Warfare,,
The Secret World,,11.0,DreamWorld,Role-playing (RPG),Adventure,,chainsaw,time travel,puzzle solving,vampire,magic,The Secret World,74.85055394179119,18.0,Action,Action,Science fiction,Horror,Historical
Damnation,,4.0,,Shooter,Adventure,,western,world war 2 ( ww2 ),motorcycle,robot,blood,Damnation,64.9522846141673,11.0,Action,Action,Science fiction,Historical,
Rugby League Team Manager 2015,,0.0,,Simulator,Sport,Strategy,rugby,management,simulation,sports,,Rugby League Team Manager 2015,50.0,0.0,Action,,,,
Silent Hunter III,Silent Hunter,3.0,,Simulator,Strategy,,world war 2 ( ww2 ),submarine simulator,stealth,battleship,simulation,Silent Hunter III,70.32775702365899,10.0,Action,Action,Warfare,,
The Void,,7.0,Ice-Peak Engine,Adventure,Indie,,surrealism,souls,minigames,adult,death,The Void,79.50882976702201,20.0,Action,Action,,,
Post Mortem,Still Life,8.0,,Point-and-click,Adventure,,detective,murder,puzzles,adventure,multiple protagonists,Post Mortem,77.6672503448192,22.0,Thriller,Thriller,,,
Sleeping Dogs,Sleeping Dogs,181.0,Havok Physics,Shooter,Adventure,,assassin,martial arts,sandbox,drugs,organized crime,Sleeping Dogs,80.58233992642579,490.0,Action,Action,Open world,,
Lost Planet 3,Lost Planet,16.0,Unreal Engine,Shooter,,,arctic climate,mech,prequel,fire,egg,Lost Planet 3,69.4458450034825,28.0,Action,Action,,,
,,,,,,,,,,,,,,,,,,,
EVE Online,EVE,28.0,,Role-playing (RPG),Simulator,Strategy,space simulation,cyberpunk,space station,grinding,crafting,EVE Online,77.1434799363165,47.0,Action,Action,,,
Left 4 Dead,Left 4 Dead,159.0,Source,Shooter,,,zombies,helicopter,post-apocalyptic,blood,sword,Left 4 Dead,80.381463020285,521.0,Action,Action,Survival,,
Farming Simulator 2011,Farming Simulator,0.0,,Simulator,,,farming,simulation,steam,slice of life,cross-platform multiplayer,Farming Simulator 2011,80.0,3.0,Open world,,,,
Virtua Tennis 4,Virtua Tennis,10.0,,Sport,,,minigames,tennis,steam,sports,achievements,Virtua Tennis 4,86.6172385380786,32.0,,,,,
BioShock 2,Bioshock,276.0,Unreal Engine,Shooter,Role-playing (RPG),Adventure,assassin,robot,blood,underwater,murder,BioShock 2,80.88937042006309,796.0,Action,Action,Thriller,,
Two Worlds II,Two Worlds,16.0,,Role-playing (RPG),,,,,,,,Two Worlds II,71.2873810474923,35.0,Action,Action,Open world,,
Football Manager 2010,Football Manager,6.0,,Simulator,Sport,Strategy,soccer,management,simulation,steam,sports,Football Manager 2010,82.66074536189811,23.0,Non-fiction,,,,
Gothic 3,Gothic,45.0,SpeedTree,Role-playing (RPG),Adventure,,dinosaurs,orcs,shoot 'em up,arpg - action rpg,drugs,Gothic 3,77.53748997764261,163.0,Action,Action,Sandbox,Open world,
Fable III,Fable,45.0,,Role-playing (RPG),Hack and slash/Beat 'em up,Adventure,sandbox,blood,magic,sword,fantasy,Fable III,67.4430126937484,191.0,Action,Action,Comedy,Sandbox,
Airline Tycoon 2,Airline Tycoon,1.0,,Simulator,Strategy,,tycoon,management,simulation,economy,strategy,Airline Tycoon 2,20.0,3.0,Business,Business,,,
Still Life 2,Still Life,8.0,,Puzzle,Adventure,,serial killer,mystery,puzzle solving,detective,adventure,Still Life 2,54.8680348120157,23.0,Horror,Horror,Mystery,,
BioShock,,0.0,,Shooter,Role-playing (RPG),Adventure,,,,,,BioShock,0.0,0.0,Action,Action,Horror,,
F1 2014,F1,7.0,Ego Engine,Racing,Simulator,Sport,formula one,simulation,steam,achievements,online,F1 2014,73.433015741909,16.0,Non-fiction,,,,
Dead Island,Dead Island,126.0,Chrome Engine,Shooter,Hack and slash/Beat 'em up,,zombies,post-apocalyptic,blood,first person shooter,keyboard,Dead Island,70.7852970758753,390.0,Action,Action,Survival,,
Saints Row IV,Saints Row,126.0,Custom built engine,Shooter,Adventure,,aliens,super hero,assassin,skateboard,motorcycle,Saints Row IV,75.116683346267,388.0,Action,Action,Comedy,Sandbox,Open world
The 7th Guest,7th Guest,5.0,Groovie,Point-and-click,Puzzle,Adventure,ghosts,blood,haunted house,puzzle solving,full motion video ( fmv ),The 7th Guest,72.9461797873018,17.0,Horror,Horror,,,
Elven Legacy,Elven Legacy,1.0,,Role-playing (RPG),Strategy,Turn-based strategy (TBS),fantasy,steampunk,role playing,steam,strategy,Elven Legacy,60.0,3.0,Fantasy,,,,
Rocket League,Supersonic Acrobatic Rocket-Powered Battle-Cars,291.0,Unreal Engine,Sport,Indie,,vehicular combat,soccer,football,basketball,cyberpunk,Rocket League,82.7804362649961,772.0,Action,Action,,,
Sid Meier's Civilization IV,Civilization,89.0,Gamebryo,Simulator,Strategy,Turn-based strategy (TBS),murder,history,world domination,construction,turn-based,Sid Meier's Civilization IV,86.2332833051137,222.0,Fantasy,Fantasy,Educational,"4X (explore, expand, exploit, and exterminate)",
Defiance,,0.0,,Shooter,Simulator,,abandonware,,,,,Defiance,0.0,0.0,Science fiction,,,,
Saints Row 2,Saints Row,79.0,Havok,Shooter,Racing,Adventure,pirates,crime-life,helicopter,assassin,skateboard,Saints Row 2,72.5611599265349,215.0,Action,Action,Sandbox,Open world,
Lost Planet 2,Lost Planet,11.0,MT Framework,Shooter,Adventure,,monsters,sci-fi,shooter,sequel,cult classic,Lost Planet 2,67.9616175869877,38.0,Action,Action,,,
Ship Simulator Extremes,Ship Simulator,6.0,,Simulator,Adventure,,water,simulation,ship,weather,physx,Ship Simulator Extremes,56.6666666666667,3.0,Sandbox,Sandbox,Open world,,
Just Cause 3,Just Cause,180.0,,Adventure,,,modern warfare,helicopter,motorcycle,blood,monster truck,Just Cause 3,76.5246236368822,283.0,Action,Action,,,
Stormrise,,2.0,,Real Time Strategy (RTS),Strategy,,robot,post-apocalyptic,evolution,mech,robots,Stormrise,39.7722755462312,5.0,Science fiction,,,,
Titan Quest,Titan Quest,41.0,PathEngine,Role-playing (RPG),Hack and slash/Beat 'em up,,greek mythology,magic,sword,amazon,fantasy,Titan Quest,78.3604898785765,132.0,Action,Action,,,
Farming Simulator 2013,Farming Simulator,1.0,,Simulator,Strategy,,pedestrians,chicken,management,water,farming,Farming Simulator 2013,74.3610924707946,8.0,,,,,
NBA 2K16,NBA 2K,28.0,,Sport,,,basketball,nba,sports,real photos on cover art,national basketball association,NBA 2K16,76.5089892259239,55.0,Non-fiction,,,,
Hearts of Iron III,Hearts of Iron,8.0,,Real Time Strategy (RTS),Strategy,,modern warfare,cold war,world war 2 ( ww2 ),helicopter,grand strategy,Hearts of Iron III,89.3303781070205,24.0,Historical,,,,
Tomb Raider,,0.0,Unreal Engine 5,Adventure,,,,,,,,Tomb Raider,0.0,0.0,,,,,
Take On Helicopters,Take On Helicopters,1.0,,Simulator,,,helicopter,flight simulator,flight,helicopter simulator,xbox 360 controller support for pc,Take On Helicopters,50.0,2.0,Sandbox,Sandbox,,,
GRID,GRID,44.0,,Racing,Simulator,Sport,,,,,,GRID,74.87781539142671,18.0,Action,,,,
Magicka,Magicka,49.0,Microsoft XNA,Role-playing (RPG),Strategy,Adventure,orcs,wizards,magic,sword,fantasy,Magicka,72.2396899751949,142.0,Action,Action,Comedy,Drama,
Singularity,,0.0,,,,,black hole,single-player only,credits menu option,platform exclusive,developed by one person,Singularity,0.0,0.0,Science fiction,,,,
The Binding of Isaac,The Binding of Isaac,89.0,Adobe Flash Player,Shooter,Role-playing (RPG),Adventure,ghosts,robot,monsters,indie,blood,The Binding of Isaac,82.71956238926981,279.0,Action,Action,Comedy,Drama,
Max Payne 3,Max Payne,268.0,RAGE,Shooter,,,helicopter,neo noir,sandbox,blood,murder,Max Payne 3,82.4121024828161,796.0,Action,Action,Sandbox,,
Stronghold Kingdoms,Stronghold: Spin-off,0.0,,Real Time Strategy (RTS),Role-playing (RPG),Simulator,medieval,mmorpg,steam,online,real-time strategy,Stronghold Kingdoms,50.0,1.0,Action,Action,Open world,Warfare,
Ghost Pirates of Vooju Island,,2.0,,Adventure,,,ghosts,steam,multiple protagonists,point and click,digital distribution,Ghost Pirates of Vooju Island,50.0,1.0,,,,,
Euro Truck Simulator,Euro Truck Simulator,8.0,Prism3D,Racing,Simulator,Indie,trucks,management,simulation,truck simulator,car,Euro Truck Simulator,58.9665365859551,24.0,Non-fiction,,,,
GTR Evolution,RACE,1.0,isiMotor,Racing,Simulator,,burnout,racing,driving,racing simulator,simulator,GTR Evolution,0.0,0.0,,,,,
Far Cry,Far Cry,103.0,CryEngine,Shooter,,,,,,,,Far Cry,78.0640043901288,379.0,Action,Action,,,
Alone in the Dark,Alone in the Dark,17.0,Twilight,Shooter,Puzzle,Adventure,mystery,puzzle solving,detective,survival,tps,Alone in the Dark,57.7681428044049,65.0,Action,Action,Survival,,
DarkStar One,Darkstar One,5.0,,Simulator,,,space simulation,space combat,flight simulator,space trading,training,DarkStar One,80.0366579519313,9.0,Action,Action,,,
,,,,,,,,,,,,,,,,,,,
East India Company,,0.0,,Real Time Strategy (RTS),Strategy,,4x,cannon,war,steam,tea,East India Company,50.0,3.0,Fantasy,Fantasy,"4X (explore, expand, exploit, and exterminate)",,
Wasteland 2,Wasteland,35.0,Unity,Role-playing (RPG),Strategy,Turn-based strategy (TBS),post-apocalyptic,stealth,survival,turn-based,kickstarter funded,Wasteland 2,70.6614038581845,66.0,Action,Action,Survival,,
Company of Heroes,Company of Heroes,71.0,Havok Physics,Real Time Strategy (RTS),Strategy,,world war 2 ( ww2 ),blood,1940s,construction,rts,Company of Heroes,85.6112786257145,163.0,Action,Action,Warfare,,
Mafia II,Mafia,287.0,The Illusion Engine,Shooter,Racing,Adventure,world war 2 ( ww2 ),exploration,sandbox,blood,stealth,Mafia II,81.6125856576991,849.0,Action,Action,Historical,Sandbox,
15 Days,,0.0,Cougar Adventure Engine,Point-and-click,Adventure,Indie,island,police,london,africa,political activists,15 Days,50.0,3.0,Thriller,Thriller,Comedy,Mystery,
Rayman Origins,Rayman,117.0,UbiArt Framework,Platform,Adventure,,robot,side scroller,shoot 'em up,fantasy,comedy,Rayman Origins,82.68561488788279,294.0,Action,Action,Comedy,,
Tropico 5,Tropico,49.0,,Role-playing (RPG),Simulator,Strategy,modern warfare,pirates,cold war,world war 2 ( ww2 ),world war 1 ( ww1 ),Tropico 5,73.720514222483,80.0,Historical,Historical,Sandbox,,
LEGO The Lord of the Rings,Lego Lord of the Rings,48.0,,Adventure,,,orcs,immortality,sword,fantasy,comedy,LEGO The Lord of the Rings,74.4393949457135,129.0,Action,Action,,,
Alter Ego,Alter Ego,0.0,,Platform,Puzzle,Adventure,indie,homebrew,libretro,retroachievements,,Alter Ego,0.0,0.0,Action,,,,
Call of Juarez,Call Of Juarez,39.0,Chrome Engine,Shooter,,,,,,,,Call of Juarez,74.3594232663637,120.0,Action,,,,
Alan Wake,Alan Wake,271.0,The Alan Wake Engine,Shooter,Adventure,,blood,murder,story driven,shooter,action-adventure,Alan Wake,81.6887032618676,666.0,Action,Action,Thriller,,
Wildlife Park 3,Wildlife Park,0.0,,Simulator,Strategy,Indie,simulation,giraffe,strategy,bears,elephants,Wildlife Park 3,50.0,1.0,,,,,
Ridge Racer Unbounded,Ridge Racer,5.0,,Racing,Simulator,Arcade,destruction,arcade game,steam,achievements,car,Ridge Racer Unbounded,67.9719376999118,17.0,Action,,,,
Majesty 2 Collection,,3.0,,Simulator,Strategy,,base building,,,,,Majesty 2 Collection,51.9289241553614,5.0,Fantasy,Fantasy,,,
Ski Region Simulator,,0.0,,Simulator,,,,,,,,Ski Region Simulator,60.0,0.0,,,,,
Hospital Tycoon,,1.0,,Simulator,Strategy,,comedy,tycoon,doctor,management,simulation,Hospital Tycoon,40.0,2.0,Comedy,,,,
TERA,,28.0,Unreal Engine,Role-playing (RPG),Adventure,,medieval,arpg - action rpg,sword,fantasy,hack and slash,TERA,65.34072628726891,71.0,Action,Action,Historical,Sandbox,Open world
Tom Clancy's EndWar,,3.0,,Real Time Strategy (RTS),Strategy,Turn-based strategy (TBS),action game,ps3,tom clancy's endwar,tom clancy's endwar game,,Tom Clancy's EndWar,63.0715732776681,8.0,Action,,,,
Remember Me,,72.0,Unreal Engine,Platform,Adventure,,female hero ( heroine ),exploration,cyberpunk,stealth,health,Remember Me,72.8778005120043,205.0,Action,Action,Stealth,,
Bejeweled 3,Bejeweled,16.0,,Puzzle,Strategy,Adventure,casual,poker,sword,minigames,turn-based,Bejeweled 3,74.9982272171674,44.0,,,,,
Mortal Kombat X,Mortal Kombat,132.0,Unreal Engine,Fighting,,,martial arts,fighting,blood,ninja,sword,Mortal Kombat X,80.4193246897954,336.0,Action,,,,
Bejeweled Twist,Bejeweled,1.0,,Puzzle,Strategy,,jewel,steam,puzzle,digital distribution,block matching,Bejeweled Twist,73.6634934713748,6.0,,,,,
Legendary,,4.0,,Shooter,,,helicopter,blood,magic,fantasy,health,Legendary,57.3030826033651,22.0,Action,Action,,,
,,,,,,,,,,,,,,,,,,,
Half-Life,Half-Life,794.0,GoldSrc,Shooter,Puzzle,Adventure,aliens,assassin,blood,gravity,health,Half-Life,89.12460428639409,1896.0,Action,Action,Horror,Thriller,Warfare
Port Royale 2,Port Royale,5.0,,Simulator,Strategy,,pirates,managerial,simulation,steam,trading,Port Royale 2,71.1937862250642,11.0,Historical,Historical,,,
The Crew,The Crew,60.0,Babel engine,Racing,Adventure,,cars,racing,off road,street racing,driving,The Crew,66.1832403569532,110.0,Action,Action,,,
The Cursed Crusade,,0.0,,Adventure,,,medieval,action-adventure,achievements,sword & sorcery,adventure game,The Cursed Crusade,59.9374999588709,7.0,Action,Action,,,
Demigod,,2.0,,Real Time Strategy (RTS),Role-playing (RPG),Strategy,moba,magic,fantasy,rts,fire,Demigod,78.95848840567939,7.0,Action,Action,Horror,,
Mirror's Edge,Mirror's Edge,257.0,Unreal Engine,Shooter,Platform,Adventure,cyberpunk,platformers,parkour,city running,first person shooter,Mirror's Edge,77.6774970885637,731.0,Action,,,,
Football Manager 2013,Football Manager,8.0,,Sport,Strategy,,soccer,football,,,,Football Manager 2013,89.22598146818001,33.0,,,,,
DC Universe Online,DC Universe,17.0,Unreal Engine,Fighting,Role-playing (RPG),Adventure,super hero,amazon,health,pvp,ps4,DC Universe Online,65.72038263798109,41.0,Action,Action,Open world,,
Football Manager 2016,Football Manager,3.0,,Simulator,Sport,Strategy,soccer,football,management,simulation,steam,Football Manager 2016,85.4145719630499,25.0,,,,,
Trine,Trine,88.0,Nvidia PhysX,Platform,Puzzle,Adventure,wizards,sword,physics,fantasy,2.5d,Trine,77.0391467130197,229.0,Action,Action,,,
Portal 2,Portal,971.0,Source,Shooter,Platform,Puzzle,comedy,first person shooter,robots,elves,role playing,Portal 2,91.6902165418297,2754.0,Action,Action,Comedy,,
Company of Heroes 2,Company of Heroes,35.0,Essence Engine,Real Time Strategy (RTS),Simulator,Strategy,world war 2 ( ww2 ),death,military,fire,war,Company of Heroes 2,79.9278465882602,75.0,Warfare,,,,
The Longest Journey,The Longest Journey,61.0,,Point-and-click,Adventure,,cyberpunk,time travel,puzzle solving,immortality,detective,The Longest Journey,83.52195463427609,153.0,Action,Action,Science fiction,Mystery,
The Darkness II,The Darkness,77.0,Evolution Engine,Shooter,,,helicopter,world war 1 ( ww1 ),blood,murder,fantasy,The Darkness II,76.9039687249728,173.0,Action,Action,Survival,,
World of Goo,,83.0,,Puzzle,Simulator,Strategy,casual,indie,gravity,touch,physics,World of Goo,80.0488311977437,240.0,Comedy,Comedy,,,
Football Manager 2011,Football Manager,5.0,,Simulator,Sport,Strategy,soccer,management,simulation,steam,sports,Football Manager 2011,89.0332375463644,28.0,Non-fiction,,,,
Breach,Breach,0.0,,Strategy,Tactical,,turn-based,sci-fi,space marine,strategy,,Breach,0.0,0.0,Action,Action,Warfare,,
Darkspore,Spore,2.0,,Role-playing (RPG),,,aliens,evolution,blood,health,hack and slash,Darkspore,0.0,0.0,Action,Action,,,
Football Manager 2015,Football Manager,18.0,,Simulator,Sport,Strategy,soccer,football,management,simulation,steam,Football Manager 2015,81.82390160818119,39.0,,,,,
Dead Rising 2,Dead Rising,62.0,,Hack and slash/Beat 'em up,Adventure,,zombies,chainsaw,sandbox,blood,health,Dead Rising 2,72.9953251309079,170.0,Action,Action,Survival,Comedy,Sandbox
Cities in Motion,Cities in Motion,9.0,,Simulator,Strategy,,helicopter,management,simulation,steam,bus,Cities in Motion,69.0348864711241,16.0,Business,,,,
Quake 4,Quake,45.0,id Tech 4,Shooter,,,aliens,cybernetics,blood,mech,health,Quake 4,74.0092469323642,158.0,Action,Action,Horror,,
Lara Croft and the Temple of Osiris,,35.0,,Shooter,Puzzle,Adventure,health,fire,shadow,action-adventure,steam,Lara Croft and the Temple of Osiris,70.241216129435,86.0,Action,Action,Historical,,
Captain Morgane and the Golden Turtle,,1.0,,Adventure,,,pirates,medieval,puzzle solving,adventure,steam greenlight,Captain Morgane and the Golden Turtle,50.0,1.0,Historical,,,,
Street Fighter X Tekken,Namco x Capcom,14.0,,Fighting,Arcade,,martial arts,dinosaurs,fighting,arena,3d,Street Fighter X Tekken,73.3976591947632,67.0,Action,,,,
Clive Barker's Jericho,Clive Barker,23.0,Mercury Steam Engine,Shooter,,,ghosts,blood,ninja,time travel,magic,Clive Barker's Jericho,76.4821817898102,71.0,Action,Action,Science fiction,Horror,Survival
Stronghold Legends,Stronghold: Spin-off,2.0,,Real Time Strategy (RTS),Simulator,Strategy,medieval,death,management,simulation,steam,Stronghold Legends,92.90549205221319,13.0,Action,Action,Historical,Warfare,
Lost Horizon,Lost Horizon,4.0,,Point-and-click,Puzzle,Adventure,1930s,maze,time manipulation,steam,multiple protagonists,Lost Horizon,71.111010066684,11.0,Historical,,,,
Off-Road Drive,,0.0,,Racing,Simulator,,car,mud,driving-simulator,offroad,tree,Off-Road Drive,50.0,1.0,Action,,,,
Supreme Commander,Supreme Commander,20.0,,Real Time Strategy (RTS),Simulator,Strategy,robot,mech,health,construction,robots,Supreme Commander,77.1481772341248,42.0,Action,Action,,,
Men of War,Men of War,9.0,,Real Time Strategy (RTS),Simulator,Strategy,world war 2 ( ww2 ),soldier,military,steam,tank,Men of War,79.8320597857139,9.0,Action,Action,,,
F.E.A.R. Perseus Mandate,F.E.A.R.,24.0,LithTech Jupiter EX,Shooter,,,blood,murder,health,first person shooter,death,F.E.A.R. Perseus Mandate,72.5546674169415,65.0,Action,Action,Horror,,
Machinarium,,116.0,Adobe Flash Player,Point-and-click,Puzzle,Adventure,robot,indie,desura,robots,steampunk,Machinarium,82.5926401888675,292.0,Fantasy,Fantasy,,,
The Testament of Sherlock Holmes,Adventures of Sherlock Holmes,19.0,,Point-and-click,Puzzle,Adventure,sherlock holmes,testament,london,the testament of sherlock holmes™,"the testament of sherlock holmes™ game,",The Testament of Sherlock Holmes,77.7774240329834,94.0,Drama,,,,
Wolfenstein,Wolfenstein,58.0,id Tech 4,Shooter,,,world war 2 ( ww2 ),blood,stealth,gravity,murder,Wolfenstein,71.7235398985536,183.0,Action,Action,Science fiction,Historical,
BioShock Infinite,Bioshock,659.0,Unreal Engine,Shooter,Adventure,,assassin,blood,time travel,story driven,pedestrians,BioShock Infinite,86.0392446840512,1987.0,Action,Action,Science fiction,Horror,Historical
Rocksmith 2014,Rocksmith,14.0,Gamebryo,Music,,,minigames,guitar,educational,drums,bass guitar,Rocksmith 2014,87.5331963363385,31.0,Educational,,,,
Assassin's Creed III,Assassin's Creed,322.0,AnvilNext,Strategy,Adventure,,assassin,hunting,sandbox,stealth,murder,Assassin's Creed III,73.4330776495938,1051.0,Action,Action,Science fiction,Historical,Stealth
Crysis,Crysis,193.0,CryEngine,Shooter,Adventure,,modern warfare,aliens,helicopter,vehicular combat,blood,Crysis,80.83360417503681,559.0,Action,Action,Stealth,,
Test Drive Unlimited 2,Test Drive,20.0,Twilight,Racing,,,photography,street racing,steam,achievements,open-world,Test Drive Unlimited 2,65.91743007701521,54.0,Open world,,,,
Risen,Risen,50.0,Internal Piranha Byte's Engine,Role-playing (RPG),,,magic,sword,fantasy,island,guild,Risen,78.4491107416998,125.0,Action,Action,Open world,,
,,,,,,,,,,,,,,,,,,,
Front Mission Evolved,Front Mission,5.0,,Shooter,Simulator,,vehicular combat,robot,mech,space station,vehicle simulation,Front Mission Evolved,65.5740922980245,9.0,Action,Action,Warfare,,
Darksiders II,Darksiders,82.0,Phoenix Engine (Relic),Role-playing (RPG),Hack and slash/Beat 'em up,Adventure,fantasy,action-adventure,sequel,good soundtrack,story rich,Darksiders II,76.6842573284548,221.0,Action,Action,Open world,,
Just Cause 2,Just Cause,119.0,Havok Physics,Shooter,Racing,Adventure,modern warfare,helicopter,vehicular combat,motorcycle,sandbox,Just Cause 2,78.1099320165233,348.0,Action,Action,Open world,,
Bulletstorm,,84.0,Unreal Engine,Shooter,,,vehicular combat,dinosaurs,cybernetics,blood,brutal,Bulletstorm,79.73239733964971,279.0,Action,Action,Comedy,,
Prey,,259.0,CryEngine,Shooter,Adventure,,helicopter,monsters,blood,stealth,space station,Prey,80.5566325492991,410.0,Action,Action,Horror,,
Stronghold 3,Stronghold,4.0,Havok Physics,Real Time Strategy (RTS),Simulator,Strategy,medieval,sword,city-building,management,role playing,Stronghold 3,48.12181306360949,16.0,Fantasy,Fantasy,Warfare,,
Pro Evolution Soccer 2016,Pro Evolution Soccer,25.0,Fox Engine,Simulator,Sport,,soccer,football,real photos on cover art,soccer ball,year in the title,Pro Evolution Soccer 2016,70.8400376321393,66.0,,,,,
The Book of Unwritten Tales,The Book of Unwritten Tales,12.0,,Point-and-click,Adventure,,robot,orcs,fantasy,dragons,comedy,The Book of Unwritten Tales,81.004641065307,42.0,Fantasy,Fantasy,,,
Sonic Generations,Sonic the Hedgehog,37.0,Hedgehog Engine,Platform,Adventure,,helicopter,time travel,3d,fantasy,parkour,Sonic Generations,77.3138843644405,174.0,Action,Action,,,
Peggle Nights,Peggle,6.0,,Puzzle,Pinball,,fantasy,pinball,steam,abstract,high score,Peggle Nights,84.26297123074579,16.0,,,,,
Oil Rush,,1.0,,Real Time Strategy (RTS),Strategy,Indie,post-apocalyptic,tower defense,dystopian,steam,real-time strategy,Oil Rush,50.0,3.0,Science fiction,,,,
,,,,,,,,,,,,,,,,,,,
Duke Nukem Forever,Duke Nukem,0.0,Unreal Engine,Shooter,,,prototype,canceled games,development hell,cancelled games,,Duke Nukem Forever,0.0,0.0,Action,Action,Comedy,,
Guild Wars,Guild Wars,24.0,ArenaNet Guild Wars,Role-playing (RPG),Strategy,Adventure,post-apocalyptic,medieval,magic,sword,grinding,Guild Wars,80.76943630054251,79.0,Action,Action,Historical,,
Mount & Blade,Mount & Blade,20.0,,Shooter,Role-playing (RPG),Simulator,sandbox,sword,fantasy,hack and slash,horse,Mount & Blade,71.9506894510761,91.0,Action,Action,,,
DiRT Rally,Dirt,48.0,Ego Engine,Racing,Simulator,Sport,rally,racing,ps4,racing simulator,steam,DiRT Rally,82.7567773761284,96.0,Non-fiction,,,,
Railroad Tycoon 3,Railroad Tycoon,7.0,,Simulator,Strategy,,tycoon,construction,trains,management,simulation,Railroad Tycoon 3,81.4158169367188,12.0,Business,,,,
The First Templar,,1.0,,Role-playing (RPG),Adventure,,stealth,medieval,sword,minigames,health,The First Templar,64.5282904854128,8.0,Action,Action,Historical,,
Dishonored,Dishonored,412.0,Unreal Engine,Role-playing (RPG),Adventure,,assassin,exploration,blood,stealth,disease,Dishonored,85.0647047874247,1270.0,Action,Action,,,
The Last Remnant,,11.0,Unreal Engine,Role-playing (RPG),Strategy,,medieval,magic,sword,fantasy,turn-based,The Last Remnant,64.7179705175128,18.0,Fantasy,Fantasy,,,
Worms Reloaded,Worms,7.0,In House Engine,Platform,Strategy,,artillery game,comedy,turn-based,steam,worm,Worms Reloaded,75.3301129823535,33.0,Action,Action,,,
Sonic & All-Stars Racing Transformed,Sega Superstars,36.0,Starlight,Racing,Sport,,robot,ninja,sword,go-kart,fantasy,Sonic & All-Stars Racing Transformed,80.07315232230161,120.0,Action,Action,Science fiction,Comedy,
Borderlands,Borderlands,246.0,Unreal Engine,Shooter,Role-playing (RPG),,post-apocalyptic,first person shooter,fps,rpg,military,Borderlands,79.91724354767351,738.0,Action,Action,Open world,,
Overlord,,0.0,,Role-playing (RPG),,,arpg - action rpg,battle royale,,,,Overlord,0.0,0.0,Fantasy,,,,
Football Manager 2014,Football Manager,9.0,,Simulator,Sport,Strategy,soccer,football,,,,Football Manager 2014,88.06865009383961,32.0,,,,,
Mafia,Mafia,346.0,LS3D,Fighting,Shooter,Racing,vehicular combat,fighting,stealth,murder,organized crime,Mafia,87.2081982691993,950.0,Action,Action,,,
Devil May Cry 4,Devil May Cry,99.0,MT Framework,Hack and slash/Beat 'em up,Adventure,,martial arts,blood,souls,minigames,fantasy,Devil May Cry 4,80.28263197371419,328.0,Action,Action,Horror,,
World in Conflict,World in Conflict,12.0,MassTech,Real Time Strategy (RTS),Strategy,,modern warfare,,,,,World in Conflict,80.3976112628807,40.0,,,,,
GT Legends,,4.0,,Racing,Simulator,Sport,burnout,simulation,steam,sports,online,GT Legends,89.8262145131374,12.0,,,,,
Mass Effect 2,Mass Effect,802.0,Unreal Engine 3,Shooter,Role-playing (RPG),Simulator,aliens,assassin,exploration,blood,disease,Mass Effect 2,91.4472231522739,1948.0,Action,Action,,,
Mini Ninjas,Mini Ninjas,12.0,Glacier,Platform,Adventure,,ghosts,martial arts,asian style,stealth,ninja,Mini Ninjas,77.7814966007251,38.0,Action,Action,Open world,,
Botanicula,,38.0,Adobe Flash Player,Point-and-click,Puzzle,Adventure,indie,minigames,fantasy,ants,comedy,Botanicula,77.6340304433748,99.0,Fantasy,Fantasy,Party,,
Fallout 4,Fallout,500.0,Creation Engine,Shooter,Role-playing (RPG),,cold war,hunting,robot,post-apocalyptic,exploration,Fallout 4,80.19779822195589,1154.0,Action,Action,Survival,Sandbox,Open world
Rocksmith,Rocksmith,9.0,,Music,Simulator,,casual,rhythm,minigames,guitar,educational,Rocksmith,81.6294383336605,15.0,Educational,,,,
Mass Effect,Mass Effect,0.0,,Role-playing (RPG),,,,,,,,Mass Effect,0.0,0.0,Action,Action,,,
Dragon Age II,Dragon Age,144.0,Eclipse Engine,Role-playing (RPG),Adventure,,wizards,fantasy,dragons,rpg,elves,Dragon Age II,74.8408103386445,513.0,Action,Action,,,
Pro Evolution Soccer 2015,Pro Evolution Soccer,12.0,Fox Engine,Simulator,Sport,,soccer,sports,real photos on cover art,60 fps on consoles,real madrid club de fútbol,Pro Evolution Soccer 2015,70.7065837480314,59.0,,,,,
World of Zoo,,0.0,,Simulator,,,life simulation,management,role playing,simulation,steam,World of Zoo,60.0,1.0,,,,,
Sniper Elite,Sniper Elite,24.0,,Shooter,Simulator,Strategy,world war 2 ( ww2 ),sniper,stealth,gravity,1940s,Sniper Elite,69.7287208716559,56.0,Action,Action,Historical,Stealth,Warfare
Clockwork Empires,,2.0,,Simulator,Strategy,Indie,blood,survival,procedural generation,shadow,steampunk,Clockwork Empires,50.0,1.0,Fantasy,Fantasy,,,
Dead Space 2,Dead Space,253.0,,Shooter,Adventure,,aliens,blood,gravity,disease,health,Dead Space 2,86.6049151735788,726.0,Action,Action,Horror,Survival,
Evolve,,35.0,,Shooter,,,aliens,hunting,monsters,stealth,fantasy,Evolve,60.1249630124617,74.0,Action,Action,,,
Age of Empires Online,Age of Empires,7.0,Genie Engine,Real Time Strategy (RTS),Role-playing (RPG),Strategy,historical warfare,pirates,city building and management,sword,crafting,Age of Empires Online,77.7140083191811,17.0,Action,Action,Historical,Warfare,
NBA 2K13,NBA 2K,8.0,,Simulator,Sport,Strategy,basketball,nba,simulation,sports,achievements,NBA 2K13,77.6162236601679,35.0,,,,,
Call of Duty 2,Call of Duty,1.0,,Shooter,,,,,,,,Call of Duty 2,60.0625298553284,12.0,,,,,
Supreme Commander 2,Supreme Commander,10.0,,Real Time Strategy (RTS),Strategy,,robot,mech,spaceship,sci-fi,multiple protagonists,Supreme Commander 2,72.8386420508536,24.0,Science fiction,,,,
Evil Genius,Evil Genius,17.0,,Puzzle,Real Time Strategy (RTS),Simulator,you get to be evil!,spy,god game,comedy,world domination,Evil Genius,74.4273859772431,28.0,Action,Action,,,
The Inner World,The Inner World,7.0,,Point-and-click,Adventure,Indie,indie,fantasy,desura,adventure,steam,The Inner World,72.5429840433464,22.0,Fantasy,Fantasy,Kids,,
Crysis 2,Crysis,152.0,CryEngine,Shooter,Adventure,,stealth,first person shooter,fps,sci-fi,shooter,Crysis 2,77.5249613306168,454.0,Action,Action,Stealth,,
Tropico 4,Tropico,39.0,,Real Time Strategy (RTS),Simulator,Strategy,cold war,city building and management,tycoon,construction,city running,Tropico 4,79.63565696479981,96.0,Comedy,Comedy,Sandbox,,
Sid Meier's Civilization V,Civilization,395.0,Firaxis LORE,Simulator,Strategy,Turn-based strategy (TBS),modern warfare,helicopter,robot,exploration,medieval,Sid Meier's Civilization V,85.9087593463977,880.0,Fantasy,Fantasy,Historical,Warfare,"4X (explore, expand, exploit, and exterminate)"
A Vampyre Story,A Vampyre Story,5.0,,Point-and-click,Puzzle,Adventure,vampire,fantasy,comedy,puzzles,adventure,A Vampyre Story,68.2076764343106,9.0,Comedy,,,,
Tomb Raider II,Tomb Raider,83.0,,Shooter,Platform,Adventure,helicopter,vehicular combat,female hero ( heroine ),dinosaurs,blood,Tomb Raider II,80.4666146984602,222.0,Action,,,,
,,,,,,,,,,,,,,,,,,,
Borderlands 2,Borderlands,470.0,Unreal Engine,Shooter,Role-playing (RPG),,comedy,first person shooter,cell-shaded,weapons,futuristic,Borderlands 2,84.565502699165,1396.0,Action,Action,Comedy,Sandbox,
LEGO The Hobbit,Lego Hobbit,24.0,,Puzzle,Role-playing (RPG),Adventure,orcs,wizards,immortality,sword,fantasy,LEGO The Hobbit,69.963038057482,71.0,Action,Action,Comedy,,
F1 2012,F1,6.0,Ego Engine,Racing,Simulator,Sport,cars,racing,formula one,simulation,steam,F1 2012,74.35691283672709,21.0,Non-fiction,,,,
War for the Overworld,,16.0,Unity,Real Time Strategy (RTS),Simulator,Strategy,god game,indie,dungeon,fantasy,kickstarter funded,War for the Overworld,77.3728191079499,21.0,Fantasy,,,,
Knights of Honor,,8.0,,Real Time Strategy (RTS),Simulator,Strategy,sword,world domination,management,role playing,war,Knights of Honor,82.8696576698514,20.0,Action,Action,Historical,,
Bejeweled 2 Deluxe,Bejeweled,0.0,,Puzzle,,,match 3,,,,,Bejeweled 2 Deluxe,69.9398766347977,6.0,,,,,
Far Cry 2,Far Cry,99.0,Dunia Engine,Shooter,Adventure,,modern warfare,helicopter,vehicular combat,hunting,indie,Far Cry 2,71.96027582203189,387.0,Action,Action,Open world,,
Grand Theft Auto III,Grand Theft Auto,372.0,RenderWare,Shooter,Racing,Simulator,crime-life,sandbox,drugs,organized crime,ps2,Grand Theft Auto III,85.1970307457325,1143.0,Action,Action,Open world,,
Football Manager 2012,Football Manager,11.0,,Simulator,Sport,Strategy,soccer,football,management,simulation,steam,Football Manager 2012,92.9146350194732,37.0,,,,,
RACE On,RACE,0.0,,Shooter,Racing,Simulator,world war 1 ( ww1 ),flight simulator,flight,shooter,simulation,RACE On,0.0,0.0,Action,,,,
Dungeon Defenders,Dungeon Defenders,12.0,,Role-playing (RPG),Strategy,Adventure,tower defense,medieval,magic,sword,grinding,Dungeon Defenders,71.1233730995964,46.0,Action,Action,,,
Split/Second,,21.0,,Racing,,,helicopter,vehicular combat,reality tv,fire,bridge,Split/Second,81.5689343305221,78.0,Action,,,,
Pro Evolution Soccer 2013,Pro Evolution Soccer,0.0,,Sport,,,,,,,,Pro Evolution Soccer 2013,0.0,0.0,,,,,
Spore,,0.0,,Shooter,,,,,,,,Spore,0.0,0.0,Action,,,,
Gray Matter,,8.0,,Point-and-click,Adventure,,fantasy,romance,rabbit,shooter,adventure,Gray Matter,62.8064065712569,25.0,Horror,Horror,,,
Venetica,,5.0,OGRE,Role-playing (RPG),Adventure,Indie,assassin,magic,sword,fantasy,guild,Venetica,37.1095364870293,15.0,Action,Action,Historical,,
Dead Space,Dead Space,354.0,Godfather engine,Shooter,,,aliens,exploration,monsters,blood,gravity,Dead Space,85.46941924160001,899.0,Action,Action,Horror,Survival,
Cities XL 2012,Cities XL,1.0,,Simulator,Strategy,,city building and management,management,simulation,steam,digital distribution,Cities XL 2012,0.0,0.0,,,,,
Max Payne,Max Payne,492.0,MAX-FX,Shooter,,,neo noir,murder,drugs,health,ps2,Max Payne,86.5069221253131,1344.0,Action,Action,,,
Contrast,,18.0,,Platform,Puzzle,Adventure,indie,puzzle solving,platformers,2.5d,ps4,Contrast,52.3738918387667,69.0,,,,,
Assassin's Creed,Assassin's Creed,361.0,Scimitar,Platform,Adventure,,assassin,sandbox,stealth,medieval,time travel,Assassin's Creed,73.3912300420011,1306.0,Action,Action,Science fiction,Historical,Stealth
Far Cry 3,Far Cry,683.0,Dunia Engine,Shooter,Adventure,,hunting,exploration,sandbox,blood,stealth,Far Cry 3,83.64389826555639,1585.0,Action,Action,Stealth,Sandbox,Open world
APB Reloaded,,7.0,Unreal Engine 3,Shooter,Adventure,,vehicular combat,free to play ( f2p ),mmofps,gangs,third person shooter,APB Reloaded,62.4826641236014,21.0,Action,,,,
Assassin's Creed Syndicate,Assassin's Creed,241.0,AnvilNext,Adventure,,,assassin,murder,sci-fi,action-adventure,multiple protagonists,Assassin's Creed Syndicate,74.65216407574519,543.0,Action,Action,Science fiction,Historical,Stealth
F1 2010,F1,14.0,Ego Engine,Racing,Simulator,Sport,formula one,simulation,sports,achievements,grand prix,F1 2010,78.31400823356199,37.0,Non-fiction,,,,
The Whispered World,The Whispered World,13.0,Visionaire,Point-and-click,Puzzle,Adventure,fantasy,comedy,fire,puzzles,bridge,The Whispered World,77.2022418303692,36.0,Fantasy,Fantasy,,,
Trapped Dead,,0.0,,Strategy,Adventure,,zombies,,,,,Trapped Dead,40.0,2.0,Action,,,,
Alpha Protocol,,31.0,Unreal Engine,Shooter,Role-playing (RPG),,cyberpunk,stealth,third person shooter,role playing,action-adventure,Alpha Protocol,74.6064054602952,112.0,Action,Action,,,
The Evil Within,The Evil Within,114.0,id Tech 5,Shooter,Adventure,,chainsaw,blood,stealth,puzzle solving,detective,The Evil Within,74.70186981856921,280.0,Action,Action,Survival,,
Impossible Creatures,,3.0,,Real Time Strategy (RTS),Simulator,Strategy,ants,horse,orca,wolverine,dolphin,Impossible Creatures,76.7235549503348,16.0,Fantasy,Fantasy,Historical,,
Homefront,Homefront,45.0,Unreal Engine,Shooter,,,modern warfare,helicopter,vehicular combat,ah-64 apache,blood,Homefront,69.01140264612269,149.0,Action,Action,Historical,Warfare,
Dark Void,Dark Void,7.0,Unreal Engine,Shooter,Simulator,Adventure,quick-time events,futuristic,flight,shooter,flying,Dark Void,66.4445605423236,26.0,Action,Action,Science fiction,Historical,
Blur,,27.0,Horizon Engine,Racing,Sport,Arcade,vehicular combat,sports,achievements,turbo,drifting,Blur,76.30637475311529,86.0,Action,Action,,,
Trine 2,Trine,82.0,,Platform,Puzzle,Adventure,physics,puzzles,platformer,adventure game,action game,Trine 2,77.2203328628128,220.0,Action,Action,,,
Braid,,191.0,,Platform,Puzzle,Strategy,indie,time travel,puzzle solving,fantasy,platformers,Braid,85.4275137390081,492.0,Fantasy,,,,
The Night of the Rabbit,,15.0,Visionaire,Point-and-click,Puzzle,Adventure,wizards,magic,fantasy,frog,rabbit,The Night of the Rabbit,90.88203950872399,22.0,Fantasy,Fantasy,,,
Left 4 Dead 2,Left 4 Dead,268.0,Source,Shooter,,,zombies,first person shooter,online co-op,horror,apocalypse,Left 4 Dead 2,82.32938407425159,777.0,Action,Action,Survival,,
Monopoly,,0.0,,Card & Board Game,,,,,,,,Monopoly,0.0,0.0,,,,,
Half-Life 2,Half-Life,901.0,Source,Shooter,,,aliens,zombies,first person shooter,fps,weapons,Half-Life 2,90.79236569719271,2221.0,Action,Action,Horror,,
Project CARS,Project CARS,61.0,The Madness Engine,Racing,Simulator,Sport,cars,racing,formula one,crowdfunded,simulation,Project CARS,75.184402658178,78.0,,,,,
Act of Aggression,,4.0,,Real Time Strategy (RTS),Strategy,Quiz/Trivia,modern warfare,futuristic warfare,comedy,real-time strategy,trivia,Act of Aggression,50.0,3.0,Science fiction,Science fiction,Warfare,,
F1 2015,F1,11.0,Ego Engine,Racing,Simulator,Sport,racing,formula one,black-and-white,driving-simulator,driving/racing,F1 2015,71.7611267932426,20.0,Non-fiction,,,,
Sengoku,,0.0,Clausewitz Engine,Real Time Strategy (RTS),Role-playing (RPG),Simulator,medieval,ninja,samurai,shogun,diplomacy,Sengoku,50.0,4.0,Historical,Historical,,,
NBA 2K11,NBA 2K,11.0,,Sport,,,basketball,nba,achievements,online,psp,NBA 2K11,89.9848499640361,43.0,,,,,
X Rebirth,X series,3.0,,Shooter,Real Time Strategy (RTS),Simulator,aliens,exploration,sandbox,4x,sci-fi,X Rebirth,66.0580770360123,6.0,Action,Action,Science fiction,Horror,Sandbox
Blitzkrieg 2 Anthology,,1.0,,Strategy,,,,,,,,Blitzkrieg 2 Anthology,80.0,0.0,,,,,
Pro Evolution Soccer 2014,Pro Evolution Soccer,0.0,,Sport,,,,,,,,Pro Evolution Soccer 2014,0.0,0.0,,,,,
Street Fighter IV,Street Fighter IV,47.0,Taito Type X,Fighting,,,martial arts,fighting,2.5d,shadow,bromance,Street Fighter IV,80.64110107481059,129.0,Action,,,,
4 Elements,4 Elements,0.0,,Puzzle,Adventure,,casual,fantasy,egg,match 3,water,4 Elements,80.0,2.0,Fantasy,,,,
LEGO Jurassic World,Jurassic Park,23.0,,Puzzle,Adventure,,motorcycle,dinosaurs,lego,ps4,egg,LEGO Jurassic World,77.1076045573422,54.0,Action,Action,,,
Championship Manager 2010,Championship Manager,0.0,,Sport,,,soccer,,,,,Championship Manager 2010,0.0,0.0,,,,,
,,,,,,,,,,,,,,,,,,,
Dungeon Siege III,Dungeon Siege,9.0,Onyx Engine,Role-playing (RPG),,,arpg - action rpg,sword,fantasy,health,hack and slash,Dungeon Siege III,69.6423198461322,48.0,Action,Action,,,
Dying Light,Dying Light,251.0,Chrome Engine,Shooter,Role-playing (RPG),Adventure,zombies,post-apocalyptic,blood,health,survival,Dying Light,80.7258157886754,618.0,Action,Action,Survival,Stealth,Open world
Unreal Tournament 2004,Unreal,63.0,,Shooter,,,aliens,robot,blood,health,first person shooter,Unreal Tournament 2004,83.07203913156141,164.0,Action,Action,,,
RollerCoaster Tycoon,RollerCoaster Tycoon,63.0,,Simulator,Strategy,,tycoon,amusement park,management,roller coaster,simulation,RollerCoaster Tycoon,82.15151607822109,161.0,Business,Business,,,
TimeShift,,22.0,Saber3D,Shooter,,,helicopter,post-apocalyptic,blood,stealth,gravity,TimeShift,70.9855619633741,66.0,Action,Action,Science fiction,Historical,Stealth
Just Cause,Just Cause,41.0,Havok Physics,Shooter,Racing,Adventure,modern warfare,helicopter,vehicular combat,motorcycle,basketball,Just Cause,62.9969752025848,133.0,Action,Action,Open world,,
Syberia,Syberia,97.0,Virtools Engine,Point-and-click,Puzzle,Adventure,robot,mystery,puzzle solving,steampunk,adventure,Syberia,80.8592422451177,210.0,Drama,Drama,,,
Indigo Prophecy,,112.0,,Adventure,,,helicopter,basketball,interactive movie,psychological thriller,paranormal,Indigo Prophecy,82.697080956048,308.0,Thriller,Thriller,,,
