,user_id,game_name, time_is_play,searchingName,collection,follows,game_engines,genre1,genre2,genre3,keywords1,keywords2,keywords3,keywords4,keywords5,name,rating,rating_count,themes1,themes2,themes3,themes4,themes5,02_hltb_name,03_hltb_id,04_time_main,05_time_plus,06_time_100,07_time_allstyle,08_count_main,09_count_plus,10_count_100,11_count_allstyle,12_count_completed,13_count_speedrun,14_count_backlog,15_count_playing,16_count_retired,17_review_score,18_count_review,Rank,Platform,Year,Genre,Publisher,NA_Sales,EU_Sales,JP_Sales,Other_Sales,Global_Sales
0,298950,The Talos Principle,1.5,The Talos Principle,,104.0,Serious Engine 4,Puzzle,Adventure,Indie,robot,indie,puzzle solving,sword,minigames,The Talos Principle,87.2887619677911,304.0,Action,Action,,,,the talos principle,22530,56887,75999,101781,75701,309,407,272,988,2437,4,4855,61,413,85,577,15542,PS4,2015.0,Puzzle,Devolver Digital,0.0,0.02,0.0,0.0,0.02
1,8585433,The Talos Principle,1.0,The Talos Principle,,104.0,Serious Engine 4,Puzzle,Adventure,Indie,robot,indie,puzzle solving,sword,minigames,The Talos Principle,87.2887619677911,304.0,Action,Action,,,,the talos principle,22530,56887,75999,101781,75701,309,407,272,988,2437,4,4855,61,413,85,577,15542,PS4,2015.0,Puzzle,Devolver Digital,0.0,0.02,0.0,0.0,0.02
2,9128105,The Talos Principle,2.1,The Talos Principle,,104.0,Serious Engine 4,Puzzle,Adventure,Indie,robot,indie,puzzle solving,sword,minigames,The Talos Principle,87.2887619677911,304.0,Action,Action,,,,the talos principle,22530,56887,75999,101781,75701,309,407,272,988,2437,4,4855,61,413,85,577,15542,PS4,2015.0,Puzzle,Devolver Digital,0.0,0.02,0.0,0.0,0.02
3,12130111,The Talos Principle,22.0,The Talos Principle,,104.0,Serious Engine 4,Puzzle,Adventure,Indie,robot,indie,puzzle solving,sword,minigames,The Talos Principle,87.2887619677911,304.0,Action,Action,,,,the talos principle,22530,56887,75999,101781,75701,309,407,272,988,2437,4,4855,61,413,85,577,15542,PS4,2015.0,Puzzle,Devolver Digital,0.0,0.02,0.0,0.0,0.02
4,13190476,The Talos Principle,2.5,The Talos Principle,,104.0,Serious Engine 4,Puzzle,Adventure,Indie,robot,indie,puzzle solving,sword,minigames,The Talos Principle,87.2887619677911,304.0,Action,Action,,,,the talos principle,22530,56887,75999,101781,75701,309,407,272,988,2437,4,4855,61,413,85,577,15542,PS4,2015.0,Puzzle,Devolver Digital,0.0,0.02,0.0,0.0,0.02
5,24469287,The Talos Principle,26.0,The Talos Principle,,104.0,Serious Engine 4,Puzzle,Adventure,Indie,robot,indie,puzzle solving,sword,minigames,The Talos Principle,87.2887619677911,304.0,Action,Action,,,,the talos principle,22530,56887,75999,101781,75701,309,407,272,988,2437,4,4855,61,413,85,577,15542,PS4,2015.0,Puzzle,Devolver Digital,0.0,0.02,0.0,0.0,0.02
6,34177747,The Talos Principle,24.0,The Talos Principle,,104.0,Serious Engine 4,Puzzle,Adventure,Indie,robot,indie,puzzle solving,sword,minigames,The Talos Principle,87.2887619677911,304.0,Action,Action,,,,the talos principle,22530,56887,75999,101781,75701,309,407,272,988,2437,4,4855,61,413,85,577,15542,PS4,2015.0,Puzzle,Devolver Digital,0.0,0.02,0.0,0.0,0.02
7,35701646,The Talos Principle,2.5,The Talos Principle,,104.0,Serious Engine 4,Puzzle,Adventure,Indie,robot,indie,puzzle solving,sword,minigames,The Talos Principle,87.2887619677911,304.0,Action,Action,,,,the talos principle,22530,56887,75999,101781,75701,309,407,272,988,2437,4,4855,61,413,85,577,15542,PS4,2015.0,Puzzle,Devolver Digital,0.0,0.02,0.0,0.0,0.02
8,38049880,The Talos Principle,2.2,The Talos Principle,,104.0,Serious Engine 4,Puzzle,Adventure,Indie,robot,indie,puzzle solving,sword,minigames,The Talos Principle,87.2887619677911,304.0,Action,Action,,,,the talos principle,22530,56887,75999,101781,75701,309,407,272,988,2437,4,4855,61,413,85,577,15542,PS4,2015.0,Puzzle,Devolver Digital,0.0,0.02,0.0,0.0,0.02
9,44545959,The Talos Principle,45.0,The Talos Principle,,104.0,Serious Engine 4,Puzzle,Adventure,Indie,robot,indie,puzzle solving,sword,minigames,The Talos Principle,87.2887619677911,304.0,Action,Action,,,,the talos principle,22530,56887,75999,101781,75701,309,407,272,988,2437,4,4855,61,413,85,577,15542,PS4,2015.0,Puzzle,Devolver Digital,0.0,0.02,0.0,0.0,0.02
10,51557405,The Talos Principle,3.4,The Talos Principle,,104.0,Serious Engine 4,Puzzle,Adventure,Indie,robot,indie,puzzle solving,sword,minigames,The Talos Principle,87.2887619677911,304.0,Action,Action,,,,the talos principle,22530,56887,75999,101781,75701,309,407,272,988,2437,4,4855,61,413,85,577,15542,PS4,2015.0,Puzzle,Devolver Digital,0.0,0.02,0.0,0.0,0.02
11,53875128,The Talos Principle,10.8,The Talos Principle,,104.0,Serious Engine 4,Puzzle,Adventure,Indie,robot,indie,puzzle solving,sword,minigames,The Talos Principle,87.2887619677911,304.0,Action,Action,,,,the talos principle,22530,56887,75999,101781,75701,309,407,272,988,2437,4,4855,61,413,85,577,15542,PS4,2015.0,Puzzle,Devolver Digital,0.0,0.02,0.0,0.0,0.02
12,62858973,The Talos Principle,5.5,The Talos Principle,,104.0,Serious Engine 4,Puzzle,Adventure,Indie,robot,indie,puzzle solving,sword,minigames,The Talos Principle,87.2887619677911,304.0,Action,Action,,,,the talos principle,22530,56887,75999,101781,75701,309,407,272,988,2437,4,4855,61,413,85,577,15542,PS4,2015.0,Puzzle,Devolver Digital,0.0,0.02,0.0,0.0,0.02
13,65117175,The Talos Principle,1.0,The Talos Principle,,104.0,Serious Engine 4,Puzzle,Adventure,Indie,robot,indie,puzzle solving,sword,minigames,The Talos Principle,87.2887619677911,304.0,Action,Action,,,,the talos principle,22530,56887,75999,101781,75701,309,407,272,988,2437,4,4855,61,413,85,577,15542,PS4,2015.0,Puzzle,Devolver Digital,0.0,0.02,0.0,0.0,0.02
14,69954842,The Talos Principle,12.3,The Talos Principle,,104.0,Serious Engine 4,Puzzle,Adventure,Indie,robot,indie,puzzle solving,sword,minigames,The Talos Principle,87.2887619677911,304.0,Action,Action,,,,the talos principle,22530,56887,75999,101781,75701,309,407,272,988,2437,4,4855,61,413,85,577,15542,PS4,2015.0,Puzzle,Devolver Digital,0.0,0.02,0.0,0.0,0.02
15,80779496,The Talos Principle,31.0,The Talos Principle,,104.0,Serious Engine 4,Puzzle,Adventure,Indie,robot,indie,puzzle solving,sword,minigames,The Talos Principle,87.2887619677911,304.0,Action,Action,,,,the talos principle,22530,56887,75999,101781,75701,309,407,272,988,2437,4,4855,61,413,85,577,15542,PS4,2015.0,Puzzle,Devolver Digital,0.0,0.02,0.0,0.0,0.02
16,82385352,The Talos Principle,71.0,The Talos Principle,,104.0,Serious Engine 4,Puzzle,Adventure,Indie,robot,indie,puzzle solving,sword,minigames,The Talos Principle,87.2887619677911,304.0,Action,Action,,,,the talos principle,22530,56887,75999,101781,75701,309,407,272,988,2437,4,4855,61,413,85,577,15542,PS4,2015.0,Puzzle,Devolver Digital,0.0,0.02,0.0,0.0,0.02
17,95699780,The Talos Principle,4.9,The Talos Principle,,104.0,Serious Engine 4,Puzzle,Adventure,Indie,robot,indie,puzzle solving,sword,minigames,The Talos Principle,87.2887619677911,304.0,Action,Action,,,,the talos principle,22530,56887,75999,101781,75701,309,407,272,988,2437,4,4855,61,413,85,577,15542,PS4,2015.0,Puzzle,Devolver Digital,0.0,0.02,0.0,0.0,0.02
18,100351493,The Talos Principle,4.4,The Talos Principle,,104.0,Serious Engine 4,Puzzle,Adventure,Indie,robot,indie,puzzle solving,sword,minigames,The Talos Principle,87.2887619677911,304.0,Action,Action,,,,the talos principle,22530,56887,75999,101781,75701,309,407,272,988,2437,4,4855,61,413,85,577,15542,PS4,2015.0,Puzzle,Devolver Digital,0.0,0.02,0.0,0.0,0.02
19,101878879,The Talos Principle,1.0,The Talos Principle,,104.0,Serious Engine 4,Puzzle,Adventure,Indie,robot,indie,puzzle solving,sword,minigames,The Talos Principle,87.2887619677911,304.0,Action,Action,,,,the talos principle,22530,56887,75999,101781,75701,309,407,272,988,2437,4,4855,61,413,85,577,15542,PS4,2015.0,Puzzle,Devolver Digital,0.0,0.02,0.0,0.0,0.02
20,107452765,The Talos Principle,1.0,The Talos Principle,,104.0,Serious Engine 4,Puzzle,Adventure,Indie,robot,indie,puzzle solving,sword,minigames,The Talos Principle,87.2887619677911,304.0,Action,Action,,,,the talos principle,22530,56887,75999,101781,75701,309,407,272,988,2437,4,4855,61,413,85,577,15542,PS4,2015.0,Puzzle,Devolver Digital,0.0,0.02,0.0,0.0,0.02
21,124059151,The Talos Principle,1.0,The Talos Principle,,104.0,Serious Engine 4,Puzzle,Adventure,Indie,robot,indie,puzzle solving,sword,minigames,The Talos Principle,87.2887619677911,304.0,Action,Action,,,,the talos principle,22530,56887,75999,101781,75701,309,407,272,988,2437,4,4855,61,413,85,577,15542,PS4,2015.0,Puzzle,Devolver Digital,0.0,0.02,0.0,0.0,0.02
22,132300630,The Talos Principle,14.1,The Talos Principle,,104.0,Serious Engine 4,Puzzle,Adventure,Indie,robot,indie,puzzle solving,sword,minigames,The Talos Principle,87.2887619677911,304.0,Action,Action,,,,the talos principle,22530,56887,75999,101781,75701,309,407,272,988,2437,4,4855,61,413,85,577,15542,PS4,2015.0,Puzzle,Devolver Digital,0.0,0.02,0.0,0.0,0.02
23,153076975,The Talos Principle,35.0,The Talos Principle,,104.0,Serious Engine 4,Puzzle,Adventure,Indie,robot,indie,puzzle solving,sword,minigames,The Talos Principle,87.2887619677911,304.0,Action,Action,,,,the talos principle,22530,56887,75999,101781,75701,309,407,272,988,2437,4,4855,61,413,85,577,15542,PS4,2015.0,Puzzle,Devolver Digital,0.0,0.02,0.0,0.0,0.02
24,180753437,The Talos Principle,1.3,The Talos Principle,,104.0,Serious Engine 4,Puzzle,Adventure,Indie,robot,indie,puzzle solving,sword,minigames,The Talos Principle,87.2887619677911,304.0,Action,Action,,,,the talos principle,22530,56887,75999,101781,75701,309,407,272,988,2437,4,4855,61,413,85,577,15542,PS4,2015.0,Puzzle,Devolver Digital,0.0,0.02,0.0,0.0,0.02
25,184314651,The Talos Principle,1.4,The Talos Principle,,104.0,Serious Engine 4,Puzzle,Adventure,Indie,robot,indie,puzzle solving,sword,minigames,The Talos Principle,87.2887619677911,304.0,Action,Action,,,,the talos principle,22530,56887,75999,101781,75701,309,407,272,988,2437,4,4855,61,413,85,577,15542,PS4,2015.0,Puzzle,Devolver Digital,0.0,0.02,0.0,0.0,0.02
26,187463594,The Talos Principle,1.2,The Talos Principle,,104.0,Serious Engine 4,Puzzle,Adventure,Indie,robot,indie,puzzle solving,sword,minigames,The Talos Principle,87.2887619677911,304.0,Action,Action,,,,the talos principle,22530,56887,75999,101781,75701,309,407,272,988,2437,4,4855,61,413,85,577,15542,PS4,2015.0,Puzzle,Devolver Digital,0.0,0.02,0.0,0.0,0.02
27,203387556,The Talos Principle,40.0,The Talos Principle,,104.0,Serious Engine 4,Puzzle,Adventure,Indie,robot,indie,puzzle solving,sword,minigames,The Talos Principle,87.2887619677911,304.0,Action,Action,,,,the talos principle,22530,56887,75999,101781,75701,309,407,272,988,2437,4,4855,61,413,85,577,15542,PS4,2015.0,Puzzle,Devolver Digital,0.0,0.02,0.0,0.0,0.02
28,225289523,The Talos Principle,86.0,The Talos Principle,,104.0,Serious Engine 4,Puzzle,Adventure,Indie,robot,indie,puzzle solving,sword,minigames,The Talos Principle,87.2887619677911,304.0,Action,Action,,,,the talos principle,22530,56887,75999,101781,75701,309,407,272,988,2437,4,4855,61,413,85,577,15542,PS4,2015.0,Puzzle,Devolver Digital,0.0,0.02,0.0,0.0,0.02
29,5976642,Enclave,1.0,Enclave,,17.0,Starbreeze Engine,Role-playing (RPG),Hack and slash/Beat 'em up,,assassin,orcs,wizards,medieval,arpg - action rpg,Enclave,76.9384605372928,41.0,Action,Action,Historical,,,enclave,3114,29963,43617,59014,38585,31,16,8,55,205,0,1780,33,301,64,42,9191,XB,2002.0,Adventure,Swing! Entertainment,0.11,0.03,0.0,0.01,0.14
30,11403772,Enclave,1.9,Enclave,,17.0,Starbreeze Engine,Role-playing (RPG),Hack and slash/Beat 'em up,,assassin,orcs,wizards,medieval,arpg - action rpg,Enclave,76.9384605372928,41.0,Action,Action,Historical,,,enclave,3114,29963,43617,59014,38585,31,16,8,55,205,0,1780,33,301,64,42,9191,XB,2002.0,Adventure,Swing! Entertainment,0.11,0.03,0.0,0.01,0.14
31,17530772,Enclave,1.0,Enclave,,17.0,Starbreeze Engine,Role-playing (RPG),Hack and slash/Beat 'em up,,assassin,orcs,wizards,medieval,arpg - action rpg,Enclave,76.9384605372928,41.0,Action,Action,Historical,,,enclave,3114,29963,43617,59014,38585,31,16,8,55,205,0,1780,33,301,64,42,9191,XB,2002.0,Adventure,Swing! Entertainment,0.11,0.03,0.0,0.01,0.14
32,24721232,Enclave,1.0,Enclave,,17.0,Starbreeze Engine,Role-playing (RPG),Hack and slash/Beat 'em up,,assassin,orcs,wizards,medieval,arpg - action rpg,Enclave,76.9384605372928,41.0,Action,Action,Historical,,,enclave,3114,29963,43617,59014,38585,31,16,8,55,205,0,1780,33,301,64,42,9191,XB,2002.0,Adventure,Swing! Entertainment,0.11,0.03,0.0,0.01,0.14
33,29753085,Enclave,1.0,Enclave,,17.0,Starbreeze Engine,Role-playing (RPG),Hack and slash/Beat 'em up,,assassin,orcs,wizards,medieval,arpg - action rpg,Enclave,76.9384605372928,41.0,Action,Action,Historical,,,enclave,3114,29963,43617,59014,38585,31,16,8,55,205,0,1780,33,301,64,42,9191,XB,2002.0,Adventure,Swing! Entertainment,0.11,0.03,0.0,0.01,0.14
34,30061970,Enclave,1.0,Enclave,,17.0,Starbreeze Engine,Role-playing (RPG),Hack and slash/Beat 'em up,,assassin,orcs,wizards,medieval,arpg - action rpg,Enclave,76.9384605372928,41.0,Action,Action,Historical,,,enclave,3114,29963,43617,59014,38585,31,16,8,55,205,0,1780,33,301,64,42,9191,XB,2002.0,Adventure,Swing! Entertainment,0.11,0.03,0.0,0.01,0.14
35,30246419,Enclave,1.0,Enclave,,17.0,Starbreeze Engine,Role-playing (RPG),Hack and slash/Beat 'em up,,assassin,orcs,wizards,medieval,arpg - action rpg,Enclave,76.9384605372928,41.0,Action,Action,Historical,,,enclave,3114,29963,43617,59014,38585,31,16,8,55,205,0,1780,33,301,64,42,9191,XB,2002.0,Adventure,Swing! Entertainment,0.11,0.03,0.0,0.01,0.14
36,33013552,Enclave,1.0,Enclave,,17.0,Starbreeze Engine,Role-playing (RPG),Hack and slash/Beat 'em up,,assassin,orcs,wizards,medieval,arpg - action rpg,Enclave,76.9384605372928,41.0,Action,Action,Historical,,,enclave,3114,29963,43617,59014,38585,31,16,8,55,205,0,1780,33,301,64,42,9191,XB,2002.0,Adventure,Swing! Entertainment,0.11,0.03,0.0,0.01,0.14
37,38049880,Enclave,10.9,Enclave,,17.0,Starbreeze Engine,Role-playing (RPG),Hack and slash/Beat 'em up,,assassin,orcs,wizards,medieval,arpg - action rpg,Enclave,76.9384605372928,41.0,Action,Action,Historical,,,enclave,3114,29963,43617,59014,38585,31,16,8,55,205,0,1780,33,301,64,42,9191,XB,2002.0,Adventure,Swing! Entertainment,0.11,0.03,0.0,0.01,0.14
38,38317154,Enclave,1.0,Enclave,,17.0,Starbreeze Engine,Role-playing (RPG),Hack and slash/Beat 'em up,,assassin,orcs,wizards,medieval,arpg - action rpg,Enclave,76.9384605372928,41.0,Action,Action,Historical,,,enclave,3114,29963,43617,59014,38585,31,16,8,55,205,0,1780,33,301,64,42,9191,XB,2002.0,Adventure,Swing! Entertainment,0.11,0.03,0.0,0.01,0.14
39,43360645,Enclave,1.0,Enclave,,17.0,Starbreeze Engine,Role-playing (RPG),Hack and slash/Beat 'em up,,assassin,orcs,wizards,medieval,arpg - action rpg,Enclave,76.9384605372928,41.0,Action,Action,Historical,,,enclave,3114,29963,43617,59014,38585,31,16,8,55,205,0,1780,33,301,64,42,9191,XB,2002.0,Adventure,Swing! Entertainment,0.11,0.03,0.0,0.01,0.14
40,44472980,Enclave,1.0,Enclave,,17.0,Starbreeze Engine,Role-playing (RPG),Hack and slash/Beat 'em up,,assassin,orcs,wizards,medieval,arpg - action rpg,Enclave,76.9384605372928,41.0,Action,Action,Historical,,,enclave,3114,29963,43617,59014,38585,31,16,8,55,205,0,1780,33,301,64,42,9191,XB,2002.0,Adventure,Swing! Entertainment,0.11,0.03,0.0,0.01,0.14
41,46585543,Enclave,1.0,Enclave,,17.0,Starbreeze Engine,Role-playing (RPG),Hack and slash/Beat 'em up,,assassin,orcs,wizards,medieval,arpg - action rpg,Enclave,76.9384605372928,41.0,Action,Action,Historical,,,enclave,3114,29963,43617,59014,38585,31,16,8,55,205,0,1780,33,301,64,42,9191,XB,2002.0,Adventure,Swing! Entertainment,0.11,0.03,0.0,0.01,0.14
42,47457723,Enclave,1.2,Enclave,,17.0,Starbreeze Engine,Role-playing (RPG),Hack and slash/Beat 'em up,,assassin,orcs,wizards,medieval,arpg - action rpg,Enclave,76.9384605372928,41.0,Action,Action,Historical,,,enclave,3114,29963,43617,59014,38585,31,16,8,55,205,0,1780,33,301,64,42,9191,XB,2002.0,Adventure,Swing! Entertainment,0.11,0.03,0.0,0.01,0.14
43,48798067,Enclave,6.9,Enclave,,17.0,Starbreeze Engine,Role-playing (RPG),Hack and slash/Beat 'em up,,assassin,orcs,wizards,medieval,arpg - action rpg,Enclave,76.9384605372928,41.0,Action,Action,Historical,,,enclave,3114,29963,43617,59014,38585,31,16,8,55,205,0,1780,33,301,64,42,9191,XB,2002.0,Adventure,Swing! Entertainment,0.11,0.03,0.0,0.01,0.14
44,48984158,Enclave,1.3,Enclave,,17.0,Starbreeze Engine,Role-playing (RPG),Hack and slash/Beat 'em up,,assassin,orcs,wizards,medieval,arpg - action rpg,Enclave,76.9384605372928,41.0,Action,Action,Historical,,,enclave,3114,29963,43617,59014,38585,31,16,8,55,205,0,1780,33,301,64,42,9191,XB,2002.0,Adventure,Swing! Entertainment,0.11,0.03,0.0,0.01,0.14
45,49350285,Enclave,1.2,Enclave,,17.0,Starbreeze Engine,Role-playing (RPG),Hack and slash/Beat 'em up,,assassin,orcs,wizards,medieval,arpg - action rpg,Enclave,76.9384605372928,41.0,Action,Action,Historical,,,enclave,3114,29963,43617,59014,38585,31,16,8,55,205,0,1780,33,301,64,42,9191,XB,2002.0,Adventure,Swing! Entertainment,0.11,0.03,0.0,0.01,0.14
46,61632730,Enclave,4.3,Enclave,,17.0,Starbreeze Engine,Role-playing (RPG),Hack and slash/Beat 'em up,,assassin,orcs,wizards,medieval,arpg - action rpg,Enclave,76.9384605372928,41.0,Action,Action,Historical,,,enclave,3114,29963,43617,59014,38585,31,16,8,55,205,0,1780,33,301,64,42,9191,XB,2002.0,Adventure,Swing! Entertainment,0.11,0.03,0.0,0.01,0.14
47,62990992,Enclave,3.4,Enclave,,17.0,Starbreeze Engine,Role-playing (RPG),Hack and slash/Beat 'em up,,assassin,orcs,wizards,medieval,arpg - action rpg,Enclave,76.9384605372928,41.0,Action,Action,Historical,,,enclave,3114,29963,43617,59014,38585,31,16,8,55,205,0,1780,33,301,64,42,9191,XB,2002.0,Adventure,Swing! Entertainment,0.11,0.03,0.0,0.01,0.14
48,64514291,Enclave,1.0,Enclave,,17.0,Starbreeze Engine,Role-playing (RPG),Hack and slash/Beat 'em up,,assassin,orcs,wizards,medieval,arpg - action rpg,Enclave,76.9384605372928,41.0,Action,Action,Historical,,,enclave,3114,29963,43617,59014,38585,31,16,8,55,205,0,1780,33,301,64,42,9191,XB,2002.0,Adventure,Swing! Entertainment,0.11,0.03,0.0,0.01,0.14
49,65147980,Enclave,1.0,Enclave,,17.0,Starbreeze Engine,Role-playing (RPG),Hack and slash/Beat 'em up,,assassin,orcs,wizards,medieval,arpg - action rpg,Enclave,76.9384605372928,41.0,Action,Action,Historical,,,enclave,3114,29963,43617,59014,38585,31,16,8,55,205,0,1780,33,301,64,42,9191,XB,2002.0,Adventure,Swing! Entertainment,0.11,0.03,0.0,0.01,0.14
50,65398650,Enclave,1.0,Enclave,,17.0,Starbreeze Engine,Role-playing (RPG),Hack and slash/Beat 'em up,,assassin,orcs,wizards,medieval,arpg - action rpg,Enclave,76.9384605372928,41.0,Action,Action,Historical,,,enclave,3114,29963,43617,59014,38585,31,16,8,55,205,0,1780,33,301,64,42,9191,XB,2002.0,Adventure,Swing! Entertainment,0.11,0.03,0.0,0.01,0.14
51,67729331,Enclave,1.0,Enclave,,17.0,Starbreeze Engine,Role-playing (RPG),Hack and slash/Beat 'em up,,assassin,orcs,wizards,medieval,arpg - action rpg,Enclave,76.9384605372928,41.0,Action,Action,Historical,,,enclave,3114,29963,43617,59014,38585,31,16,8,55,205,0,1780,33,301,64,42,9191,XB,2002.0,Adventure,Swing! Entertainment,0.11,0.03,0.0,0.01,0.14
52,72978546,Enclave,1.0,Enclave,,17.0,Starbreeze Engine,Role-playing (RPG),Hack and slash/Beat 'em up,,assassin,orcs,wizards,medieval,arpg - action rpg,Enclave,76.9384605372928,41.0,Action,Action,Historical,,,enclave,3114,29963,43617,59014,38585,31,16,8,55,205,0,1780,33,301,64,42,9191,XB,2002.0,Adventure,Swing! Entertainment,0.11,0.03,0.0,0.01,0.14
53,73726855,Enclave,1.0,Enclave,,17.0,Starbreeze Engine,Role-playing (RPG),Hack and slash/Beat 'em up,,assassin,orcs,wizards,medieval,arpg - action rpg,Enclave,76.9384605372928,41.0,Action,Action,Historical,,,enclave,3114,29963,43617,59014,38585,31,16,8,55,205,0,1780,33,301,64,42,9191,XB,2002.0,Adventure,Swing! Entertainment,0.11,0.03,0.0,0.01,0.14
54,76892907,Enclave,1.0,Enclave,,17.0,Starbreeze Engine,Role-playing (RPG),Hack and slash/Beat 'em up,,assassin,orcs,wizards,medieval,arpg - action rpg,Enclave,76.9384605372928,41.0,Action,Action,Historical,,,enclave,3114,29963,43617,59014,38585,31,16,8,55,205,0,1780,33,301,64,42,9191,XB,2002.0,Adventure,Swing! Entertainment,0.11,0.03,0.0,0.01,0.14
55,78309377,Enclave,1.0,Enclave,,17.0,Starbreeze Engine,Role-playing (RPG),Hack and slash/Beat 'em up,,assassin,orcs,wizards,medieval,arpg - action rpg,Enclave,76.9384605372928,41.0,Action,Action,Historical,,,enclave,3114,29963,43617,59014,38585,31,16,8,55,205,0,1780,33,301,64,42,9191,XB,2002.0,Adventure,Swing! Entertainment,0.11,0.03,0.0,0.01,0.14
56,79073449,Enclave,1.0,Enclave,,17.0,Starbreeze Engine,Role-playing (RPG),Hack and slash/Beat 'em up,,assassin,orcs,wizards,medieval,arpg - action rpg,Enclave,76.9384605372928,41.0,Action,Action,Historical,,,enclave,3114,29963,43617,59014,38585,31,16,8,55,205,0,1780,33,301,64,42,9191,XB,2002.0,Adventure,Swing! Entertainment,0.11,0.03,0.0,0.01,0.14
57,82071844,Enclave,1.0,Enclave,,17.0,Starbreeze Engine,Role-playing (RPG),Hack and slash/Beat 'em up,,assassin,orcs,wizards,medieval,arpg - action rpg,Enclave,76.9384605372928,41.0,Action,Action,Historical,,,enclave,3114,29963,43617,59014,38585,31,16,8,55,205,0,1780,33,301,64,42,9191,XB,2002.0,Adventure,Swing! Entertainment,0.11,0.03,0.0,0.01,0.14
58,86612326,Enclave,1.0,Enclave,,17.0,Starbreeze Engine,Role-playing (RPG),Hack and slash/Beat 'em up,,assassin,orcs,wizards,medieval,arpg - action rpg,Enclave,76.9384605372928,41.0,Action,Action,Historical,,,enclave,3114,29963,43617,59014,38585,31,16,8,55,205,0,1780,33,301,64,42,9191,XB,2002.0,Adventure,Swing! Entertainment,0.11,0.03,0.0,0.01,0.14
59,86912006,Enclave,1.0,Enclave,,17.0,Starbreeze Engine,Role-playing (RPG),Hack and slash/Beat 'em up,,assassin,orcs,wizards,medieval,arpg - action rpg,Enclave,76.9384605372928,41.0,Action,Action,Historical,,,enclave,3114,29963,43617,59014,38585,31,16,8,55,205,0,1780,33,301,64,42,9191,XB,2002.0,Adventure,Swing! Entertainment,0.11,0.03,0.0,0.01,0.14
60,87694960,Enclave,1.0,Enclave,,17.0,Starbreeze Engine,Role-playing (RPG),Hack and slash/Beat 'em up,,assassin,orcs,wizards,medieval,arpg - action rpg,Enclave,76.9384605372928,41.0,Action,Action,Historical,,,enclave,3114,29963,43617,59014,38585,31,16,8,55,205,0,1780,33,301,64,42,9191,XB,2002.0,Adventure,Swing! Entertainment,0.11,0.03,0.0,0.01,0.14
61,93300963,Enclave,1.0,Enclave,,17.0,Starbreeze Engine,Role-playing (RPG),Hack and slash/Beat 'em up,,assassin,orcs,wizards,medieval,arpg - action rpg,Enclave,76.9384605372928,41.0,Action,Action,Historical,,,enclave,3114,29963,43617,59014,38585,31,16,8,55,205,0,1780,33,301,64,42,9191,XB,2002.0,Adventure,Swing! Entertainment,0.11,0.03,0.0,0.01,0.14
62,94936385,Enclave,1.2,Enclave,,17.0,Starbreeze Engine,Role-playing (RPG),Hack and slash/Beat 'em up,,assassin,orcs,wizards,medieval,arpg - action rpg,Enclave,76.9384605372928,41.0,Action,Action,Historical,,,enclave,3114,29963,43617,59014,38585,31,16,8,55,205,0,1780,33,301,64,42,9191,XB,2002.0,Adventure,Swing! Entertainment,0.11,0.03,0.0,0.01,0.14
63,96914675,Enclave,1.0,Enclave,,17.0,Starbreeze Engine,Role-playing (RPG),Hack and slash/Beat 'em up,,assassin,orcs,wizards,medieval,arpg - action rpg,Enclave,76.9384605372928,41.0,Action,Action,Historical,,,enclave,3114,29963,43617,59014,38585,31,16,8,55,205,0,1780,33,301,64,42,9191,XB,2002.0,Adventure,Swing! Entertainment,0.11,0.03,0.0,0.01,0.14
64,97298878,Enclave,1.0,Enclave,,17.0,Starbreeze Engine,Role-playing (RPG),Hack and slash/Beat 'em up,,assassin,orcs,wizards,medieval,arpg - action rpg,Enclave,76.9384605372928,41.0,Action,Action,Historical,,,enclave,3114,29963,43617,59014,38585,31,16,8,55,205,0,1780,33,301,64,42,9191,XB,2002.0,Adventure,Swing! Entertainment,0.11,0.03,0.0,0.01,0.14
65,99374297,Enclave,1.0,Enclave,,17.0,Starbreeze Engine,Role-playing (RPG),Hack and slash/Beat 'em up,,assassin,orcs,wizards,medieval,arpg - action rpg,Enclave,76.9384605372928,41.0,Action,Action,Historical,,,enclave,3114,29963,43617,59014,38585,31,16,8,55,205,0,1780,33,301,64,42,9191,XB,2002.0,Adventure,Swing! Entertainment,0.11,0.03,0.0,0.01,0.14
66,100311267,Enclave,1.0,Enclave,,17.0,Starbreeze Engine,Role-playing (RPG),Hack and slash/Beat 'em up,,assassin,orcs,wizards,medieval,arpg - action rpg,Enclave,76.9384605372928,41.0,Action,Action,Historical,,,enclave,3114,29963,43617,59014,38585,31,16,8,55,205,0,1780,33,301,64,42,9191,XB,2002.0,Adventure,Swing! Entertainment,0.11,0.03,0.0,0.01,0.14
67,102825821,Enclave,6.0,Enclave,,17.0,Starbreeze Engine,Role-playing (RPG),Hack and slash/Beat 'em up,,assassin,orcs,wizards,medieval,arpg - action rpg,Enclave,76.9384605372928,41.0,Action,Action,Historical,,,enclave,3114,29963,43617,59014,38585,31,16,8,55,205,0,1780,33,301,64,42,9191,XB,2002.0,Adventure,Swing! Entertainment,0.11,0.03,0.0,0.01,0.14
68,103638409,Enclave,13.3,Enclave,,17.0,Starbreeze Engine,Role-playing (RPG),Hack and slash/Beat 'em up,,assassin,orcs,wizards,medieval,arpg - action rpg,Enclave,76.9384605372928,41.0,Action,Action,Historical,,,enclave,3114,29963,43617,59014,38585,31,16,8,55,205,0,1780,33,301,64,42,9191,XB,2002.0,Adventure,Swing! Entertainment,0.11,0.03,0.0,0.01,0.14
69,109205612,Enclave,1.0,Enclave,,17.0,Starbreeze Engine,Role-playing (RPG),Hack and slash/Beat 'em up,,assassin,orcs,wizards,medieval,arpg - action rpg,Enclave,76.9384605372928,41.0,Action,Action,Historical,,,enclave,3114,29963,43617,59014,38585,31,16,8,55,205,0,1780,33,301,64,42,9191,XB,2002.0,Adventure,Swing! Entertainment,0.11,0.03,0.0,0.01,0.14
70,111442295,Enclave,1.0,Enclave,,17.0,Starbreeze Engine,Role-playing (RPG),Hack and slash/Beat 'em up,,assassin,orcs,wizards,medieval,arpg - action rpg,Enclave,76.9384605372928,41.0,Action,Action,Historical,,,enclave,3114,29963,43617,59014,38585,31,16,8,55,205,0,1780,33,301,64,42,9191,XB,2002.0,Adventure,Swing! Entertainment,0.11,0.03,0.0,0.01,0.14
71,111551727,Enclave,2.6,Enclave,,17.0,Starbreeze Engine,Role-playing (RPG),Hack and slash/Beat 'em up,,assassin,orcs,wizards,medieval,arpg - action rpg,Enclave,76.9384605372928,41.0,Action,Action,Historical,,,enclave,3114,29963,43617,59014,38585,31,16,8,55,205,0,1780,33,301,64,42,9191,XB,2002.0,Adventure,Swing! Entertainment,0.11,0.03,0.0,0.01,0.14
72,114324869,Enclave,13.9,Enclave,,17.0,Starbreeze Engine,Role-playing (RPG),Hack and slash/Beat 'em up,,assassin,orcs,wizards,medieval,arpg - action rpg,Enclave,76.9384605372928,41.0,Action,Action,Historical,,,enclave,3114,29963,43617,59014,38585,31,16,8,55,205,0,1780,33,301,64,42,9191,XB,2002.0,Adventure,Swing! Entertainment,0.11,0.03,0.0,0.01,0.14
73,115632831,Enclave,1.0,Enclave,,17.0,Starbreeze Engine,Role-playing (RPG),Hack and slash/Beat 'em up,,assassin,orcs,wizards,medieval,arpg - action rpg,Enclave,76.9384605372928,41.0,Action,Action,Historical,,,enclave,3114,29963,43617,59014,38585,31,16,8,55,205,0,1780,33,301,64,42,9191,XB,2002.0,Adventure,Swing! Entertainment,0.11,0.03,0.0,0.01,0.14
74,116876958,Enclave,2.3,Enclave,,17.0,Starbreeze Engine,Role-playing (RPG),Hack and slash/Beat 'em up,,assassin,orcs,wizards,medieval,arpg - action rpg,Enclave,76.9384605372928,41.0,Action,Action,Historical,,,enclave,3114,29963,43617,59014,38585,31,16,8,55,205,0,1780,33,301,64,42,9191,XB,2002.0,Adventure,Swing! Entertainment,0.11,0.03,0.0,0.01,0.14
75,117531196,Enclave,1.0,Enclave,,17.0,Starbreeze Engine,Role-playing (RPG),Hack and slash/Beat 'em up,,assassin,orcs,wizards,medieval,arpg - action rpg,Enclave,76.9384605372928,41.0,Action,Action,Historical,,,enclave,3114,29963,43617,59014,38585,31,16,8,55,205,0,1780,33,301,64,42,9191,XB,2002.0,Adventure,Swing! Entertainment,0.11,0.03,0.0,0.01,0.14
76,118541865,Enclave,2.6,Enclave,,17.0,Starbreeze Engine,Role-playing (RPG),Hack and slash/Beat 'em up,,assassin,orcs,wizards,medieval,arpg - action rpg,Enclave,76.9384605372928,41.0,Action,Action,Historical,,,enclave,3114,29963,43617,59014,38585,31,16,8,55,205,0,1780,33,301,64,42,9191,XB,2002.0,Adventure,Swing! Entertainment,0.11,0.03,0.0,0.01,0.14
77,119909634,Enclave,1.0,Enclave,,17.0,Starbreeze Engine,Role-playing (RPG),Hack and slash/Beat 'em up,,assassin,orcs,wizards,medieval,arpg - action rpg,Enclave,76.9384605372928,41.0,Action,Action,Historical,,,enclave,3114,29963,43617,59014,38585,31,16,8,55,205,0,1780,33,301,64,42,9191,XB,2002.0,Adventure,Swing! Entertainment,0.11,0.03,0.0,0.01,0.14
78,121865430,Enclave,1.3,Enclave,,17.0,Starbreeze Engine,Role-playing (RPG),Hack and slash/Beat 'em up,,assassin,orcs,wizards,medieval,arpg - action rpg,Enclave,76.9384605372928,41.0,Action,Action,Historical,,,enclave,3114,29963,43617,59014,38585,31,16,8,55,205,0,1780,33,301,64,42,9191,XB,2002.0,Adventure,Swing! Entertainment,0.11,0.03,0.0,0.01,0.14
79,123734483,Enclave,1.0,Enclave,,17.0,Starbreeze Engine,Role-playing (RPG),Hack and slash/Beat 'em up,,assassin,orcs,wizards,medieval,arpg - action rpg,Enclave,76.9384605372928,41.0,Action,Action,Historical,,,enclave,3114,29963,43617,59014,38585,31,16,8,55,205,0,1780,33,301,64,42,9191,XB,2002.0,Adventure,Swing! Entertainment,0.11,0.03,0.0,0.01,0.14
80,126191291,Enclave,1.0,Enclave,,17.0,Starbreeze Engine,Role-playing (RPG),Hack and slash/Beat 'em up,,assassin,orcs,wizards,medieval,arpg - action rpg,Enclave,76.9384605372928,41.0,Action,Action,Historical,,,enclave,3114,29963,43617,59014,38585,31,16,8,55,205,0,1780,33,301,64,42,9191,XB,2002.0,Adventure,Swing! Entertainment,0.11,0.03,0.0,0.01,0.14
81,127272741,Enclave,4.3,Enclave,,17.0,Starbreeze Engine,Role-playing (RPG),Hack and slash/Beat 'em up,,assassin,orcs,wizards,medieval,arpg - action rpg,Enclave,76.9384605372928,41.0,Action,Action,Historical,,,enclave,3114,29963,43617,59014,38585,31,16,8,55,205,0,1780,33,301,64,42,9191,XB,2002.0,Adventure,Swing! Entertainment,0.11,0.03,0.0,0.01,0.14
82,127628725,Enclave,1.0,Enclave,,17.0,Starbreeze Engine,Role-playing (RPG),Hack and slash/Beat 'em up,,assassin,orcs,wizards,medieval,arpg - action rpg,Enclave,76.9384605372928,41.0,Action,Action,Historical,,,enclave,3114,29963,43617,59014,38585,31,16,8,55,205,0,1780,33,301,64,42,9191,XB,2002.0,Adventure,Swing! Entertainment,0.11,0.03,0.0,0.01,0.14
83,131463112,Enclave,1.0,Enclave,,17.0,Starbreeze Engine,Role-playing (RPG),Hack and slash/Beat 'em up,,assassin,orcs,wizards,medieval,arpg - action rpg,Enclave,76.9384605372928,41.0,Action,Action,Historical,,,enclave,3114,29963,43617,59014,38585,31,16,8,55,205,0,1780,33,301,64,42,9191,XB,2002.0,Adventure,Swing! Entertainment,0.11,0.03,0.0,0.01,0.14
84,131610144,Enclave,1.0,Enclave,,17.0,Starbreeze Engine,Role-playing (RPG),Hack and slash/Beat 'em up,,assassin,orcs,wizards,medieval,arpg - action rpg,Enclave,76.9384605372928,41.0,Action,Action,Historical,,,enclave,3114,29963,43617,59014,38585,31,16,8,55,205,0,1780,33,301,64,42,9191,XB,2002.0,Adventure,Swing! Entertainment,0.11,0.03,0.0,0.01,0.14
85,132196353,Enclave,1.1,Enclave,,17.0,Starbreeze Engine,Role-playing (RPG),Hack and slash/Beat 'em up,,assassin,orcs,wizards,medieval,arpg - action rpg,Enclave,76.9384605372928,41.0,Action,Action,Historical,,,enclave,3114,29963,43617,59014,38585,31,16,8,55,205,0,1780,33,301,64,42,9191,XB,2002.0,Adventure,Swing! Entertainment,0.11,0.03,0.0,0.01,0.14
86,134322141,Enclave,1.0,Enclave,,17.0,Starbreeze Engine,Role-playing (RPG),Hack and slash/Beat 'em up,,assassin,orcs,wizards,medieval,arpg - action rpg,Enclave,76.9384605372928,41.0,Action,Action,Historical,,,enclave,3114,29963,43617,59014,38585,31,16,8,55,205,0,1780,33,301,64,42,9191,XB,2002.0,Adventure,Swing! Entertainment,0.11,0.03,0.0,0.01,0.14
87,134641355,Enclave,1.0,Enclave,,17.0,Starbreeze Engine,Role-playing (RPG),Hack and slash/Beat 'em up,,assassin,orcs,wizards,medieval,arpg - action rpg,Enclave,76.9384605372928,41.0,Action,Action,Historical,,,enclave,3114,29963,43617,59014,38585,31,16,8,55,205,0,1780,33,301,64,42,9191,XB,2002.0,Adventure,Swing! Entertainment,0.11,0.03,0.0,0.01,0.14
88,135400225,Enclave,1.0,Enclave,,17.0,Starbreeze Engine,Role-playing (RPG),Hack and slash/Beat 'em up,,assassin,orcs,wizards,medieval,arpg - action rpg,Enclave,76.9384605372928,41.0,Action,Action,Historical,,,enclave,3114,29963,43617,59014,38585,31,16,8,55,205,0,1780,33,301,64,42,9191,XB,2002.0,Adventure,Swing! Entertainment,0.11,0.03,0.0,0.01,0.14
89,138941587,Enclave,4.2,Enclave,,17.0,Starbreeze Engine,Role-playing (RPG),Hack and slash/Beat 'em up,,assassin,orcs,wizards,medieval,arpg - action rpg,Enclave,76.9384605372928,41.0,Action,Action,Historical,,,enclave,3114,29963,43617,59014,38585,31,16,8,55,205,0,1780,33,301,64,42,9191,XB,2002.0,Adventure,Swing! Entertainment,0.11,0.03,0.0,0.01,0.14
90,143877335,Enclave,1.0,Enclave,,17.0,Starbreeze Engine,Role-playing (RPG),Hack and slash/Beat 'em up,,assassin,orcs,wizards,medieval,arpg - action rpg,Enclave,76.9384605372928,41.0,Action,Action,Historical,,,enclave,3114,29963,43617,59014,38585,31,16,8,55,205,0,1780,33,301,64,42,9191,XB,2002.0,Adventure,Swing! Entertainment,0.11,0.03,0.0,0.01,0.14
91,144071257,Enclave,1.0,Enclave,,17.0,Starbreeze Engine,Role-playing (RPG),Hack and slash/Beat 'em up,,assassin,orcs,wizards,medieval,arpg - action rpg,Enclave,76.9384605372928,41.0,Action,Action,Historical,,,enclave,3114,29963,43617,59014,38585,31,16,8,55,205,0,1780,33,301,64,42,9191,XB,2002.0,Adventure,Swing! Entertainment,0.11,0.03,0.0,0.01,0.14
92,146145063,Enclave,1.0,Enclave,,17.0,Starbreeze Engine,Role-playing (RPG),Hack and slash/Beat 'em up,,assassin,orcs,wizards,medieval,arpg - action rpg,Enclave,76.9384605372928,41.0,Action,Action,Historical,,,enclave,3114,29963,43617,59014,38585,31,16,8,55,205,0,1780,33,301,64,42,9191,XB,2002.0,Adventure,Swing! Entertainment,0.11,0.03,0.0,0.01,0.14
93,148362155,Enclave,1.0,Enclave,,17.0,Starbreeze Engine,Role-playing (RPG),Hack and slash/Beat 'em up,,assassin,orcs,wizards,medieval,arpg - action rpg,Enclave,76.9384605372928,41.0,Action,Action,Historical,,,enclave,3114,29963,43617,59014,38585,31,16,8,55,205,0,1780,33,301,64,42,9191,XB,2002.0,Adventure,Swing! Entertainment,0.11,0.03,0.0,0.01,0.14
94,149920224,Enclave,1.0,Enclave,,17.0,Starbreeze Engine,Role-playing (RPG),Hack and slash/Beat 'em up,,assassin,orcs,wizards,medieval,arpg - action rpg,Enclave,76.9384605372928,41.0,Action,Action,Historical,,,enclave,3114,29963,43617,59014,38585,31,16,8,55,205,0,1780,33,301,64,42,9191,XB,2002.0,Adventure,Swing! Entertainment,0.11,0.03,0.0,0.01,0.14
95,150282867,Enclave,1.0,Enclave,,17.0,Starbreeze Engine,Role-playing (RPG),Hack and slash/Beat 'em up,,assassin,orcs,wizards,medieval,arpg - action rpg,Enclave,76.9384605372928,41.0,Action,Action,Historical,,,enclave,3114,29963,43617,59014,38585,31,16,8,55,205,0,1780,33,301,64,42,9191,XB,2002.0,Adventure,Swing! Entertainment,0.11,0.03,0.0,0.01,0.14
96,150751526,Enclave,1.4,Enclave,,17.0,Starbreeze Engine,Role-playing (RPG),Hack and slash/Beat 'em up,,assassin,orcs,wizards,medieval,arpg - action rpg,Enclave,76.9384605372928,41.0,Action,Action,Historical,,,enclave,3114,29963,43617,59014,38585,31,16,8,55,205,0,1780,33,301,64,42,9191,XB,2002.0,Adventure,Swing! Entertainment,0.11,0.03,0.0,0.01,0.14
97,152959594,Enclave,1.4,Enclave,,17.0,Starbreeze Engine,Role-playing (RPG),Hack and slash/Beat 'em up,,assassin,orcs,wizards,medieval,arpg - action rpg,Enclave,76.9384605372928,41.0,Action,Action,Historical,,,enclave,3114,29963,43617,59014,38585,31,16,8,55,205,0,1780,33,301,64,42,9191,XB,2002.0,Adventure,Swing! Entertainment,0.11,0.03,0.0,0.01,0.14
98,153956921,Enclave,1.0,Enclave,,17.0,Starbreeze Engine,Role-playing (RPG),Hack and slash/Beat 'em up,,assassin,orcs,wizards,medieval,arpg - action rpg,Enclave,76.9384605372928,41.0,Action,Action,Historical,,,enclave,3114,29963,43617,59014,38585,31,16,8,55,205,0,1780,33,301,64,42,9191,XB,2002.0,Adventure,Swing! Entertainment,0.11,0.03,0.0,0.01,0.14
99,155673786,Enclave,1.7,Enclave,,17.0,Starbreeze Engine,Role-playing (RPG),Hack and slash/Beat 'em up,,assassin,orcs,wizards,medieval,arpg - action rpg,Enclave,76.9384605372928,41.0,Action,Action,Historical,,,enclave,3114,29963,43617,59014,38585,31,16,8,55,205,0,1780,33,301,64,42,9191,XB,2002.0,Adventure,Swing! Entertainment,0.11,0.03,0.0,0.01,0.14
100,155919035,Enclave,3.9,Enclave,,17.0,Starbreeze Engine,Role-playing (RPG),Hack and slash/Beat 'em up,,assassin,orcs,wizards,medieval,arpg - action rpg,Enclave,76.9384605372928,41.0,Action,Action,Historical,,,enclave,3114,29963,43617,59014,38585,31,16,8,55,205,0,1780,33,301,64,42,9191,XB,2002.0,Adventure,Swing! Entertainment,0.11,0.03,0.0,0.01,0.14
101,156941467,Enclave,1.0,Enclave,,17.0,Starbreeze Engine,Role-playing (RPG),Hack and slash/Beat 'em up,,assassin,orcs,wizards,medieval,arpg - action rpg,Enclave,76.9384605372928,41.0,Action,Action,Historical,,,enclave,3114,29963,43617,59014,38585,31,16,8,55,205,0,1780,33,301,64,42,9191,XB,2002.0,Adventure,Swing! Entertainment,0.11,0.03,0.0,0.01,0.14
102,157193017,Enclave,1.0,Enclave,,17.0,Starbreeze Engine,Role-playing (RPG),Hack and slash/Beat 'em up,,assassin,orcs,wizards,medieval,arpg - action rpg,Enclave,76.9384605372928,41.0,Action,Action,Historical,,,enclave,3114,29963,43617,59014,38585,31,16,8,55,205,0,1780,33,301,64,42,9191,XB,2002.0,Adventure,Swing! Entertainment,0.11,0.03,0.0,0.01,0.14
103,157636450,Enclave,1.0,Enclave,,17.0,Starbreeze Engine,Role-playing (RPG),Hack and slash/Beat 'em up,,assassin,orcs,wizards,medieval,arpg - action rpg,Enclave,76.9384605372928,41.0,Action,Action,Historical,,,enclave,3114,29963,43617,59014,38585,31,16,8,55,205,0,1780,33,301,64,42,9191,XB,2002.0,Adventure,Swing! Entertainment,0.11,0.03,0.0,0.01,0.14
104,157811997,Enclave,1.0,Enclave,,17.0,Starbreeze Engine,Role-playing (RPG),Hack and slash/Beat 'em up,,assassin,orcs,wizards,medieval,arpg - action rpg,Enclave,76.9384605372928,41.0,Action,Action,Historical,,,enclave,3114,29963,43617,59014,38585,31,16,8,55,205,0,1780,33,301,64,42,9191,XB,2002.0,Adventure,Swing! Entertainment,0.11,0.03,0.0,0.01,0.14
105,158136791,Enclave,1.0,Enclave,,17.0,Starbreeze Engine,Role-playing (RPG),Hack and slash/Beat 'em up,,assassin,orcs,wizards,medieval,arpg - action rpg,Enclave,76.9384605372928,41.0,Action,Action,Historical,,,enclave,3114,29963,43617,59014,38585,31,16,8,55,205,0,1780,33,301,64,42,9191,XB,2002.0,Adventure,Swing! Entertainment,0.11,0.03,0.0,0.01,0.14
106,159371621,Enclave,1.0,Enclave,,17.0,Starbreeze Engine,Role-playing (RPG),Hack and slash/Beat 'em up,,assassin,orcs,wizards,medieval,arpg - action rpg,Enclave,76.9384605372928,41.0,Action,Action,Historical,,,enclave,3114,29963,43617,59014,38585,31,16,8,55,205,0,1780,33,301,64,42,9191,XB,2002.0,Adventure,Swing! Entertainment,0.11,0.03,0.0,0.01,0.14
107,159994178,Enclave,1.3,Enclave,,17.0,Starbreeze Engine,Role-playing (RPG),Hack and slash/Beat 'em up,,assassin,orcs,wizards,medieval,arpg - action rpg,Enclave,76.9384605372928,41.0,Action,Action,Historical,,,enclave,3114,29963,43617,59014,38585,31,16,8,55,205,0,1780,33,301,64,42,9191,XB,2002.0,Adventure,Swing! Entertainment,0.11,0.03,0.0,0.01,0.14
108,161366228,Enclave,1.0,Enclave,,17.0,Starbreeze Engine,Role-playing (RPG),Hack and slash/Beat 'em up,,assassin,orcs,wizards,medieval,arpg - action rpg,Enclave,76.9384605372928,41.0,Action,Action,Historical,,,enclave,3114,29963,43617,59014,38585,31,16,8,55,205,0,1780,33,301,64,42,9191,XB,2002.0,Adventure,Swing! Entertainment,0.11,0.03,0.0,0.01,0.14
109,163712958,Enclave,1.0,Enclave,,17.0,Starbreeze Engine,Role-playing (RPG),Hack and slash/Beat 'em up,,assassin,orcs,wizards,medieval,arpg - action rpg,Enclave,76.9384605372928,41.0,Action,Action,Historical,,,enclave,3114,29963,43617,59014,38585,31,16,8,55,205,0,1780,33,301,64,42,9191,XB,2002.0,Adventure,Swing! Entertainment,0.11,0.03,0.0,0.01,0.14
110,163972488,Enclave,1.0,Enclave,,17.0,Starbreeze Engine,Role-playing (RPG),Hack and slash/Beat 'em up,,assassin,orcs,wizards,medieval,arpg - action rpg,Enclave,76.9384605372928,41.0,Action,Action,Historical,,,enclave,3114,29963,43617,59014,38585,31,16,8,55,205,0,1780,33,301,64,42,9191,XB,2002.0,Adventure,Swing! Entertainment,0.11,0.03,0.0,0.01,0.14
111,166863117,Enclave,1.0,Enclave,,17.0,Starbreeze Engine,Role-playing (RPG),Hack and slash/Beat 'em up,,assassin,orcs,wizards,medieval,arpg - action rpg,Enclave,76.9384605372928,41.0,Action,Action,Historical,,,enclave,3114,29963,43617,59014,38585,31,16,8,55,205,0,1780,33,301,64,42,9191,XB,2002.0,Adventure,Swing! Entertainment,0.11,0.03,0.0,0.01,0.14
112,167118460,Enclave,2.0,Enclave,,17.0,Starbreeze Engine,Role-playing (RPG),Hack and slash/Beat 'em up,,assassin,orcs,wizards,medieval,arpg - action rpg,Enclave,76.9384605372928,41.0,Action,Action,Historical,,,enclave,3114,29963,43617,59014,38585,31,16,8,55,205,0,1780,33,301,64,42,9191,XB,2002.0,Adventure,Swing! Entertainment,0.11,0.03,0.0,0.01,0.14
113,168324795,Enclave,1.0,Enclave,,17.0,Starbreeze Engine,Role-playing (RPG),Hack and slash/Beat 'em up,,assassin,orcs,wizards,medieval,arpg - action rpg,Enclave,76.9384605372928,41.0,Action,Action,Historical,,,enclave,3114,29963,43617,59014,38585,31,16,8,55,205,0,1780,33,301,64,42,9191,XB,2002.0,Adventure,Swing! Entertainment,0.11,0.03,0.0,0.01,0.14
114,170068207,Enclave,4.9,Enclave,,17.0,Starbreeze Engine,Role-playing (RPG),Hack and slash/Beat 'em up,,assassin,orcs,wizards,medieval,arpg - action rpg,Enclave,76.9384605372928,41.0,Action,Action,Historical,,,enclave,3114,29963,43617,59014,38585,31,16,8,55,205,0,1780,33,301,64,42,9191,XB,2002.0,Adventure,Swing! Entertainment,0.11,0.03,0.0,0.01,0.14
115,173249224,Enclave,1.0,Enclave,,17.0,Starbreeze Engine,Role-playing (RPG),Hack and slash/Beat 'em up,,assassin,orcs,wizards,medieval,arpg - action rpg,Enclave,76.9384605372928,41.0,Action,Action,Historical,,,enclave,3114,29963,43617,59014,38585,31,16,8,55,205,0,1780,33,301,64,42,9191,XB,2002.0,Adventure,Swing! Entertainment,0.11,0.03,0.0,0.01,0.14
116,173434036,Enclave,1.0,Enclave,,17.0,Starbreeze Engine,Role-playing (RPG),Hack and slash/Beat 'em up,,assassin,orcs,wizards,medieval,arpg - action rpg,Enclave,76.9384605372928,41.0,Action,Action,Historical,,,enclave,3114,29963,43617,59014,38585,31,16,8,55,205,0,1780,33,301,64,42,9191,XB,2002.0,Adventure,Swing! Entertainment,0.11,0.03,0.0,0.01,0.14
117,179377677,Enclave,1.0,Enclave,,17.0,Starbreeze Engine,Role-playing (RPG),Hack and slash/Beat 'em up,,assassin,orcs,wizards,medieval,arpg - action rpg,Enclave,76.9384605372928,41.0,Action,Action,Historical,,,enclave,3114,29963,43617,59014,38585,31,16,8,55,205,0,1780,33,301,64,42,9191,XB,2002.0,Adventure,Swing! Entertainment,0.11,0.03,0.0,0.01,0.14
118,180561370,Enclave,1.0,Enclave,,17.0,Starbreeze Engine,Role-playing (RPG),Hack and slash/Beat 'em up,,assassin,orcs,wizards,medieval,arpg - action rpg,Enclave,76.9384605372928,41.0,Action,Action,Historical,,,enclave,3114,29963,43617,59014,38585,31,16,8,55,205,0,1780,33,301,64,42,9191,XB,2002.0,Adventure,Swing! Entertainment,0.11,0.03,0.0,0.01,0.14
119,180901075,Enclave,2.2,Enclave,,17.0,Starbreeze Engine,Role-playing (RPG),Hack and slash/Beat 'em up,,assassin,orcs,wizards,medieval,arpg - action rpg,Enclave,76.9384605372928,41.0,Action,Action,Historical,,,enclave,3114,29963,43617,59014,38585,31,16,8,55,205,0,1780,33,301,64,42,9191,XB,2002.0,Adventure,Swing! Entertainment,0.11,0.03,0.0,0.01,0.14
120,180984112,Enclave,1.0,Enclave,,17.0,Starbreeze Engine,Role-playing (RPG),Hack and slash/Beat 'em up,,assassin,orcs,wizards,medieval,arpg - action rpg,Enclave,76.9384605372928,41.0,Action,Action,Historical,,,enclave,3114,29963,43617,59014,38585,31,16,8,55,205,0,1780,33,301,64,42,9191,XB,2002.0,Adventure,Swing! Entertainment,0.11,0.03,0.0,0.01,0.14
121,182399789,Enclave,1.9,Enclave,,17.0,Starbreeze Engine,Role-playing (RPG),Hack and slash/Beat 'em up,,assassin,orcs,wizards,medieval,arpg - action rpg,Enclave,76.9384605372928,41.0,Action,Action,Historical,,,enclave,3114,29963,43617,59014,38585,31,16,8,55,205,0,1780,33,301,64,42,9191,XB,2002.0,Adventure,Swing! Entertainment,0.11,0.03,0.0,0.01,0.14
122,182835747,Enclave,1.0,Enclave,,17.0,Starbreeze Engine,Role-playing (RPG),Hack and slash/Beat 'em up,,assassin,orcs,wizards,medieval,arpg - action rpg,Enclave,76.9384605372928,41.0,Action,Action,Historical,,,enclave,3114,29963,43617,59014,38585,31,16,8,55,205,0,1780,33,301,64,42,9191,XB,2002.0,Adventure,Swing! Entertainment,0.11,0.03,0.0,0.01,0.14
123,184032170,Enclave,1.0,Enclave,,17.0,Starbreeze Engine,Role-playing (RPG),Hack and slash/Beat 'em up,,assassin,orcs,wizards,medieval,arpg - action rpg,Enclave,76.9384605372928,41.0,Action,Action,Historical,,,enclave,3114,29963,43617,59014,38585,31,16,8,55,205,0,1780,33,301,64,42,9191,XB,2002.0,Adventure,Swing! Entertainment,0.11,0.03,0.0,0.01,0.14
124,186483761,Enclave,4.3,Enclave,,17.0,Starbreeze Engine,Role-playing (RPG),Hack and slash/Beat 'em up,,assassin,orcs,wizards,medieval,arpg - action rpg,Enclave,76.9384605372928,41.0,Action,Action,Historical,,,enclave,3114,29963,43617,59014,38585,31,16,8,55,205,0,1780,33,301,64,42,9191,XB,2002.0,Adventure,Swing! Entertainment,0.11,0.03,0.0,0.01,0.14
125,194325357,Enclave,1.0,Enclave,,17.0,Starbreeze Engine,Role-playing (RPG),Hack and slash/Beat 'em up,,assassin,orcs,wizards,medieval,arpg - action rpg,Enclave,76.9384605372928,41.0,Action,Action,Historical,,,enclave,3114,29963,43617,59014,38585,31,16,8,55,205,0,1780,33,301,64,42,9191,XB,2002.0,Adventure,Swing! Entertainment,0.11,0.03,0.0,0.01,0.14
126,195607832,Enclave,1.0,Enclave,,17.0,Starbreeze Engine,Role-playing (RPG),Hack and slash/Beat 'em up,,assassin,orcs,wizards,medieval,arpg - action rpg,Enclave,76.9384605372928,41.0,Action,Action,Historical,,,enclave,3114,29963,43617,59014,38585,31,16,8,55,205,0,1780,33,301,64,42,9191,XB,2002.0,Adventure,Swing! Entertainment,0.11,0.03,0.0,0.01,0.14
127,210896662,Enclave,1.0,Enclave,,17.0,Starbreeze Engine,Role-playing (RPG),Hack and slash/Beat 'em up,,assassin,orcs,wizards,medieval,arpg - action rpg,Enclave,76.9384605372928,41.0,Action,Action,Historical,,,enclave,3114,29963,43617,59014,38585,31,16,8,55,205,0,1780,33,301,64,42,9191,XB,2002.0,Adventure,Swing! Entertainment,0.11,0.03,0.0,0.01,0.14
128,216088282,Enclave,1.0,Enclave,,17.0,Starbreeze Engine,Role-playing (RPG),Hack and slash/Beat 'em up,,assassin,orcs,wizards,medieval,arpg - action rpg,Enclave,76.9384605372928,41.0,Action,Action,Historical,,,enclave,3114,29963,43617,59014,38585,31,16,8,55,205,0,1780,33,301,64,42,9191,XB,2002.0,Adventure,Swing! Entertainment,0.11,0.03,0.0,0.01,0.14
129,218110241,Enclave,1.0,Enclave,,17.0,Starbreeze Engine,Role-playing (RPG),Hack and slash/Beat 'em up,,assassin,orcs,wizards,medieval,arpg - action rpg,Enclave,76.9384605372928,41.0,Action,Action,Historical,,,enclave,3114,29963,43617,59014,38585,31,16,8,55,205,0,1780,33,301,64,42,9191,XB,2002.0,Adventure,Swing! Entertainment,0.11,0.03,0.0,0.01,0.14
130,219414811,Enclave,1.0,Enclave,,17.0,Starbreeze Engine,Role-playing (RPG),Hack and slash/Beat 'em up,,assassin,orcs,wizards,medieval,arpg - action rpg,Enclave,76.9384605372928,41.0,Action,Action,Historical,,,enclave,3114,29963,43617,59014,38585,31,16,8,55,205,0,1780,33,301,64,42,9191,XB,2002.0,Adventure,Swing! Entertainment,0.11,0.03,0.0,0.01,0.14
131,219466905,Enclave,1.0,Enclave,,17.0,Starbreeze Engine,Role-playing (RPG),Hack and slash/Beat 'em up,,assassin,orcs,wizards,medieval,arpg - action rpg,Enclave,76.9384605372928,41.0,Action,Action,Historical,,,enclave,3114,29963,43617,59014,38585,31,16,8,55,205,0,1780,33,301,64,42,9191,XB,2002.0,Adventure,Swing! Entertainment,0.11,0.03,0.0,0.01,0.14
132,232864591,Enclave,1.0,Enclave,,17.0,Starbreeze Engine,Role-playing (RPG),Hack and slash/Beat 'em up,,assassin,orcs,wizards,medieval,arpg - action rpg,Enclave,76.9384605372928,41.0,Action,Action,Historical,,,enclave,3114,29963,43617,59014,38585,31,16,8,55,205,0,1780,33,301,64,42,9191,XB,2002.0,Adventure,Swing! Entertainment,0.11,0.03,0.0,0.01,0.14
133,251164636,Enclave,1.0,Enclave,,17.0,Starbreeze Engine,Role-playing (RPG),Hack and slash/Beat 'em up,,assassin,orcs,wizards,medieval,arpg - action rpg,Enclave,76.9384605372928,41.0,Action,Action,Historical,,,enclave,3114,29963,43617,59014,38585,31,16,8,55,205,0,1780,33,301,64,42,9191,XB,2002.0,Adventure,Swing! Entertainment,0.11,0.03,0.0,0.01,0.14
134,257256783,Enclave,1.0,Enclave,,17.0,Starbreeze Engine,Role-playing (RPG),Hack and slash/Beat 'em up,,assassin,orcs,wizards,medieval,arpg - action rpg,Enclave,76.9384605372928,41.0,Action,Action,Historical,,,enclave,3114,29963,43617,59014,38585,31,16,8,55,205,0,1780,33,301,64,42,9191,XB,2002.0,Adventure,Swing! Entertainment,0.11,0.03,0.0,0.01,0.14
135,270356700,Enclave,1.7,Enclave,,17.0,Starbreeze Engine,Role-playing (RPG),Hack and slash/Beat 'em up,,assassin,orcs,wizards,medieval,arpg - action rpg,Enclave,76.9384605372928,41.0,Action,Action,Historical,,,enclave,3114,29963,43617,59014,38585,31,16,8,55,205,0,1780,33,301,64,42,9191,XB,2002.0,Adventure,Swing! Entertainment,0.11,0.03,0.0,0.01,0.14
136,11373749,Singularity,7.6,Singularity,,0.0,,,,,black hole,single-player only,credits menu option,platform exclusive,developed by one person,Singularity,0.0,0.0,Science fiction,,,,,singularity,8585,25505,31788,46341,28572,300,154,27,481,1157,0,1111,11,73,73,375,5627,X360,,Shooter,Unknown,0.24,0.05,0.0,0.02,0.32
137,11373749,Singularity,7.6,Singularity,,0.0,,,,,black hole,single-player only,credits menu option,platform exclusive,developed by one person,Singularity,0.0,0.0,Science fiction,,,,,singularity,8585,25505,31788,46341,28572,300,154,27,481,1157,0,1111,11,73,73,375,6834,PS3,,Shooter,Unknown,0.17,0.04,0.01,0.03,0.24
138,11373749,Singularity,7.6,Singularity,,0.0,,,,,black hole,single-player only,credits menu option,platform exclusive,developed by one person,Singularity,0.0,0.0,Science fiction,,,,,singularity,8585,25505,31788,46341,28572,300,154,27,481,1157,0,1111,11,73,73,375,13136,PC,2010.0,Shooter,Mastertronic,0.0,0.04,0.0,0.01,0.05
139,16084897,Singularity,16.4,Singularity,,0.0,,,,,black hole,single-player only,credits menu option,platform exclusive,developed by one person,Singularity,0.0,0.0,Science fiction,,,,,singularity,8585,25505,31788,46341,28572,300,154,27,481,1157,0,1111,11,73,73,375,5627,X360,,Shooter,Unknown,0.24,0.05,0.0,0.02,0.32
140,16084897,Singularity,16.4,Singularity,,0.0,,,,,black hole,single-player only,credits menu option,platform exclusive,developed by one person,Singularity,0.0,0.0,Science fiction,,,,,singularity,8585,25505,31788,46341,28572,300,154,27,481,1157,0,1111,11,73,73,375,6834,PS3,,Shooter,Unknown,0.17,0.04,0.01,0.03,0.24
141,16084897,Singularity,16.4,Singularity,,0.0,,,,,black hole,single-player only,credits menu option,platform exclusive,developed by one person,Singularity,0.0,0.0,Science fiction,,,,,singularity,8585,25505,31788,46341,28572,300,154,27,481,1157,0,1111,11,73,73,375,13136,PC,2010.0,Shooter,Mastertronic,0.0,0.04,0.0,0.01,0.05
142,20772968,Singularity,1.0,Singularity,,0.0,,,,,black hole,single-player only,credits menu option,platform exclusive,developed by one person,Singularity,0.0,0.0,Science fiction,,,,,singularity,8585,25505,31788,46341,28572,300,154,27,481,1157,0,1111,11,73,73,375,5627,X360,,Shooter,Unknown,0.24,0.05,0.0,0.02,0.32
143,20772968,Singularity,1.0,Singularity,,0.0,,,,,black hole,single-player only,credits menu option,platform exclusive,developed by one person,Singularity,0.0,0.0,Science fiction,,,,,singularity,8585,25505,31788,46341,28572,300,154,27,481,1157,0,1111,11,73,73,375,6834,PS3,,Shooter,Unknown,0.17,0.04,0.01,0.03,0.24
144,20772968,Singularity,1.0,Singularity,,0.0,,,,,black hole,single-player only,credits menu option,platform exclusive,developed by one person,Singularity,0.0,0.0,Science fiction,,,,,singularity,8585,25505,31788,46341,28572,300,154,27,481,1157,0,1111,11,73,73,375,13136,PC,2010.0,Shooter,Mastertronic,0.0,0.04,0.0,0.01,0.05
145,22301321,Singularity,1.0,Singularity,,0.0,,,,,black hole,single-player only,credits menu option,platform exclusive,developed by one person,Singularity,0.0,0.0,Science fiction,,,,,singularity,8585,25505,31788,46341,28572,300,154,27,481,1157,0,1111,11,73,73,375,5627,X360,,Shooter,Unknown,0.24,0.05,0.0,0.02,0.32
146,22301321,Singularity,1.0,Singularity,,0.0,,,,,black hole,single-player only,credits menu option,platform exclusive,developed by one person,Singularity,0.0,0.0,Science fiction,,,,,singularity,8585,25505,31788,46341,28572,300,154,27,481,1157,0,1111,11,73,73,375,6834,PS3,,Shooter,Unknown,0.17,0.04,0.01,0.03,0.24
147,22301321,Singularity,1.0,Singularity,,0.0,,,,,black hole,single-player only,credits menu option,platform exclusive,developed by one person,Singularity,0.0,0.0,Science fiction,,,,,singularity,8585,25505,31788,46341,28572,300,154,27,481,1157,0,1111,11,73,73,375,13136,PC,2010.0,Shooter,Mastertronic,0.0,0.04,0.0,0.01,0.05
148,22371742,Singularity,1.0,Singularity,,0.0,,,,,black hole,single-player only,credits menu option,platform exclusive,developed by one person,Singularity,0.0,0.0,Science fiction,,,,,singularity,8585,25505,31788,46341,28572,300,154,27,481,1157,0,1111,11,73,73,375,5627,X360,,Shooter,Unknown,0.24,0.05,0.0,0.02,0.32
149,22371742,Singularity,1.0,Singularity,,0.0,,,,,black hole,single-player only,credits menu option,platform exclusive,developed by one person,Singularity,0.0,0.0,Science fiction,,,,,singularity,8585,25505,31788,46341,28572,300,154,27,481,1157,0,1111,11,73,73,375,6834,PS3,,Shooter,Unknown,0.17,0.04,0.01,0.03,0.24
150,22371742,Singularity,1.0,Singularity,,0.0,,,,,black hole,single-player only,credits menu option,platform exclusive,developed by one person,Singularity,0.0,0.0,Science fiction,,,,,singularity,8585,25505,31788,46341,28572,300,154,27,481,1157,0,1111,11,73,73,375,13136,PC,2010.0,Shooter,Mastertronic,0.0,0.04,0.0,0.01,0.05
151,31669242,Singularity,1.0,Singularity,,0.0,,,,,black hole,single-player only,credits menu option,platform exclusive,developed by one person,Singularity,0.0,0.0,Science fiction,,,,,singularity,8585,25505,31788,46341,28572,300,154,27,481,1157,0,1111,11,73,73,375,5627,X360,,Shooter,Unknown,0.24,0.05,0.0,0.02,0.32
152,31669242,Singularity,1.0,Singularity,,0.0,,,,,black hole,single-player only,credits menu option,platform exclusive,developed by one person,Singularity,0.0,0.0,Science fiction,,,,,singularity,8585,25505,31788,46341,28572,300,154,27,481,1157,0,1111,11,73,73,375,6834,PS3,,Shooter,Unknown,0.17,0.04,0.01,0.03,0.24
153,31669242,Singularity,1.0,Singularity,,0.0,,,,,black hole,single-player only,credits menu option,platform exclusive,developed by one person,Singularity,0.0,0.0,Science fiction,,,,,singularity,8585,25505,31788,46341,28572,300,154,27,481,1157,0,1111,11,73,73,375,13136,PC,2010.0,Shooter,Mastertronic,0.0,0.04,0.0,0.01,0.05
154,46301758,Singularity,1.7,Singularity,,0.0,,,,,black hole,single-player only,credits menu option,platform exclusive,developed by one person,Singularity,0.0,0.0,Science fiction,,,,,singularity,8585,25505,31788,46341,28572,300,154,27,481,1157,0,1111,11,73,73,375,5627,X360,,Shooter,Unknown,0.24,0.05,0.0,0.02,0.32
155,46301758,Singularity,1.7,Singularity,,0.0,,,,,black hole,single-player only,credits menu option,platform exclusive,developed by one person,Singularity,0.0,0.0,Science fiction,,,,,singularity,8585,25505,31788,46341,28572,300,154,27,481,1157,0,1111,11,73,73,375,6834,PS3,,Shooter,Unknown,0.17,0.04,0.01,0.03,0.24
156,46301758,Singularity,1.7,Singularity,,0.0,,,,,black hole,single-player only,credits menu option,platform exclusive,developed by one person,Singularity,0.0,0.0,Science fiction,,,,,singularity,8585,25505,31788,46341,28572,300,154,27,481,1157,0,1111,11,73,73,375,13136,PC,2010.0,Shooter,Mastertronic,0.0,0.04,0.0,0.01,0.05
157,59925638,Singularity,17.1,Singularity,,0.0,,,,,black hole,single-player only,credits menu option,platform exclusive,developed by one person,Singularity,0.0,0.0,Science fiction,,,,,singularity,8585,25505,31788,46341,28572,300,154,27,481,1157,0,1111,11,73,73,375,5627,X360,,Shooter,Unknown,0.24,0.05,0.0,0.02,0.32
158,59925638,Singularity,17.1,Singularity,,0.0,,,,,black hole,single-player only,credits menu option,platform exclusive,developed by one person,Singularity,0.0,0.0,Science fiction,,,,,singularity,8585,25505,31788,46341,28572,300,154,27,481,1157,0,1111,11,73,73,375,6834,PS3,,Shooter,Unknown,0.17,0.04,0.01,0.03,0.24
159,59925638,Singularity,17.1,Singularity,,0.0,,,,,black hole,single-player only,credits menu option,platform exclusive,developed by one person,Singularity,0.0,0.0,Science fiction,,,,,singularity,8585,25505,31788,46341,28572,300,154,27,481,1157,0,1111,11,73,73,375,13136,PC,2010.0,Shooter,Mastertronic,0.0,0.04,0.0,0.01,0.05
160,105503045,Singularity,2.2,Singularity,,0.0,,,,,black hole,single-player only,credits menu option,platform exclusive,developed by one person,Singularity,0.0,0.0,Science fiction,,,,,singularity,8585,25505,31788,46341,28572,300,154,27,481,1157,0,1111,11,73,73,375,5627,X360,,Shooter,Unknown,0.24,0.05,0.0,0.02,0.32
161,105503045,Singularity,2.2,Singularity,,0.0,,,,,black hole,single-player only,credits menu option,platform exclusive,developed by one person,Singularity,0.0,0.0,Science fiction,,,,,singularity,8585,25505,31788,46341,28572,300,154,27,481,1157,0,1111,11,73,73,375,6834,PS3,,Shooter,Unknown,0.17,0.04,0.01,0.03,0.24
162,105503045,Singularity,2.2,Singularity,,0.0,,,,,black hole,single-player only,credits menu option,platform exclusive,developed by one person,Singularity,0.0,0.0,Science fiction,,,,,singularity,8585,25505,31788,46341,28572,300,154,27,481,1157,0,1111,11,73,73,375,13136,PC,2010.0,Shooter,Mastertronic,0.0,0.04,0.0,0.01,0.05
163,153076975,Singularity,23.0,Singularity,,0.0,,,,,black hole,single-player only,credits menu option,platform exclusive,developed by one person,Singularity,0.0,0.0,Science fiction,,,,,singularity,8585,25505,31788,46341,28572,300,154,27,481,1157,0,1111,11,73,73,375,5627,X360,,Shooter,Unknown,0.24,0.05,0.0,0.02,0.32
164,153076975,Singularity,23.0,Singularity,,0.0,,,,,black hole,single-player only,credits menu option,platform exclusive,developed by one person,Singularity,0.0,0.0,Science fiction,,,,,singularity,8585,25505,31788,46341,28572,300,154,27,481,1157,0,1111,11,73,73,375,6834,PS3,,Shooter,Unknown,0.17,0.04,0.01,0.03,0.24
165,153076975,Singularity,23.0,Singularity,,0.0,,,,,black hole,single-player only,credits menu option,platform exclusive,developed by one person,Singularity,0.0,0.0,Science fiction,,,,,singularity,8585,25505,31788,46341,28572,300,154,27,481,1157,0,1111,11,73,73,375,13136,PC,2010.0,Shooter,Mastertronic,0.0,0.04,0.0,0.01,0.05
166,156675178,Singularity,12.0,Singularity,,0.0,,,,,black hole,single-player only,credits menu option,platform exclusive,developed by one person,Singularity,0.0,0.0,Science fiction,,,,,singularity,8585,25505,31788,46341,28572,300,154,27,481,1157,0,1111,11,73,73,375,5627,X360,,Shooter,Unknown,0.24,0.05,0.0,0.02,0.32
167,156675178,Singularity,12.0,Singularity,,0.0,,,,,black hole,single-player only,credits menu option,platform exclusive,developed by one person,Singularity,0.0,0.0,Science fiction,,,,,singularity,8585,25505,31788,46341,28572,300,154,27,481,1157,0,1111,11,73,73,375,6834,PS3,,Shooter,Unknown,0.17,0.04,0.01,0.03,0.24
168,156675178,Singularity,12.0,Singularity,,0.0,,,,,black hole,single-player only,credits menu option,platform exclusive,developed by one person,Singularity,0.0,0.0,Science fiction,,,,,singularity,8585,25505,31788,46341,28572,300,154,27,481,1157,0,1111,11,73,73,375,13136,PC,2010.0,Shooter,Mastertronic,0.0,0.04,0.0,0.01,0.05
169,156818121,Singularity,9.1,Singularity,,0.0,,,,,black hole,single-player only,credits menu option,platform exclusive,developed by one person,Singularity,0.0,0.0,Science fiction,,,,,singularity,8585,25505,31788,46341,28572,300,154,27,481,1157,0,1111,11,73,73,375,5627,X360,,Shooter,Unknown,0.24,0.05,0.0,0.02,0.32
170,156818121,Singularity,9.1,Singularity,,0.0,,,,,black hole,single-player only,credits menu option,platform exclusive,developed by one person,Singularity,0.0,0.0,Science fiction,,,,,singularity,8585,25505,31788,46341,28572,300,154,27,481,1157,0,1111,11,73,73,375,6834,PS3,,Shooter,Unknown,0.17,0.04,0.01,0.03,0.24
171,156818121,Singularity,9.1,Singularity,,0.0,,,,,black hole,single-player only,credits menu option,platform exclusive,developed by one person,Singularity,0.0,0.0,Science fiction,,,,,singularity,8585,25505,31788,46341,28572,300,154,27,481,1157,0,1111,11,73,73,375,13136,PC,2010.0,Shooter,Mastertronic,0.0,0.04,0.0,0.01,0.05
